ID,Name,Age,Nationality,Overall,Potential,Club,Value,Wage,Preferred Foot,International Reputation,Weak Foot,Skill Moves,Work Rate,Body Type,Position,Jersey Number,Joined,Loaned From,Contract Valid Until,Height,Weight,Crossing,Finishing,HeadingAccuracy,ShortPassing,Volleys,Dribbling,Curve,FKAccuracy,LongPassing,BallControl,Acceleration,SprintSpeed,Agility,Reactions,Balance,ShotPower,Jumping,Stamina,Strength,LongShots,Aggression,Interceptions,Positioning,Vision,Penalties,Composure,Marking,StandingTackle,SlidingTackle,GKDiving,GKHandling,GKKicking,GKPositioning,GKReflexes,Release Clause
158023,L. Messi,31,Argentina,94,94,FC Barcelona,€110.5M,€565K,Left,5,4,4,Medium/ Medium,Messi,RF,10,"Jul 1, 2004",,2021,5'7,159lbs,84,95,70,90,86,97,93,94,87,96,91,86,91,95,95,85,68,72,59,94,48,22,94,94,75,96,33,28,26,6,11,15,14,8,€226.5M
20801,Cristiano Ronaldo,33,Portugal,94,94,Juventus,€77M,€405K,Right,5,4,5,High/ Low,C. Ronaldo,ST,7,"Jul 10, 2018",,2022,6'2,183lbs,84,94,89,81,87,88,81,76,77,94,89,91,87,96,70,95,95,88,79,93,63,29,95,82,85,95,28,31,23,7,11,15,14,11,€127.1M
190871,Neymar Jr,26,Brazil,92,93,Paris Saint-Germain,€118.5M,€290K,Right,5,5,5,High/ Medium,Neymar,LW,10,"Aug 3, 2017",,2022,5'9,150lbs,79,87,62,84,84,96,88,87,78,95,94,90,96,94,84,80,61,81,49,82,56,36,89,87,81,94,27,24,33,9,9,15,15,11,€228.1M
193080,De Gea,27,Spain,91,93,Manchester United,€72M,€260K,Right,4,3,1,Medium/ Medium,Lean,GK,1,"Jul 1, 2011",,2020,6'4,168lbs,17,13,21,50,13,18,21,19,51,42,57,58,60,90,43,31,67,43,64,12,38,30,12,68,40,68,15,21,13,90,85,87,88,94,€138.6M
192985,K. De Bruyne,27,Belgium,91,92,Manchester City,€102M,€355K,Right,4,5,4,High/ High,Normal,RCM,7,"Aug 30, 2015",,2023,5'11,154lbs,93,82,55,92,82,86,85,83,91,91,78,76,79,91,77,91,63,90,75,91,76,61,87,94,79,88,68,58,51,15,13,5,10,13,€196.4M
183277,E. Hazard,27,Belgium,91,91,Chelsea,€93M,€340K,Right,4,4,4,High/ Medium,Normal,LF,10,"Jul 1, 2012",,2020,5'8,163lbs,81,84,61,89,80,95,83,79,83,94,94,88,95,90,94,82,56,83,66,80,54,41,87,89,86,91,34,27,22,11,12,6,8,8,€172.1M
177003,L. Modrić,32,Croatia,91,91,Real Madrid,€67M,€420K,Right,4,4,4,High/ High,Lean,RCM,10,"Aug 1, 2012",,2020,5'8,146lbs,86,72,55,93,76,90,85,78,88,93,80,72,93,90,94,79,68,89,58,82,62,83,79,92,82,84,60,76,73,13,9,7,14,9,€137.4M
176580,L. Suárez,31,Uruguay,91,91,FC Barcelona,€80M,€455K,Right,5,4,3,High/ Medium,Normal,RS,9,"Jul 11, 2014",,2021,6'0,190lbs,77,93,77,82,88,87,86,84,64,90,86,75,82,92,83,86,69,90,83,85,87,41,92,84,85,85,62,45,38,27,25,31,33,37,€164M
155862,Sergio Ramos,32,Spain,91,91,Real Madrid,€51M,€380K,Right,4,3,3,High/ Medium,Normal,RCB,15,"Aug 1, 2005",,2020,6'0,181lbs,66,60,91,78,66,63,74,72,77,84,76,75,78,85,66,79,93,84,83,59,88,90,60,63,75,82,87,92,91,11,8,9,7,11,€104.6M
200389,J. Oblak,25,Slovenia,90,93,Atlético Madrid,€68M,€94K,Right,3,3,1,Medium/ Medium,Normal,GK,1,"Jul 16, 2014",,2021,6'2,192lbs,13,11,15,29,13,12,13,14,26,16,43,60,67,86,49,22,76,41,78,12,34,19,11,70,11,70,27,12,18,86,92,78,88,89,€144.5M
188545,R. Lewandowski,29,Poland,90,90,FC Bayern München,€77M,€205K,Right,4,4,4,High/ Medium,Normal,ST,9,"Jul 1, 2014",,2021,6'0,176lbs,62,91,85,83,89,85,77,86,65,89,77,78,78,90,78,88,84,78,84,84,80,39,91,77,88,86,34,42,19,15,6,12,8,10,€127.1M
182521,T. Kroos,28,Germany,90,90,Real Madrid,€76.5M,€355K,Right,4,5,3,Medium/ Medium,Normal,LCM,8,"Jul 17, 2014",,2022,6'0,168lbs,88,76,54,92,82,81,86,84,93,90,64,62,70,89,71,87,30,75,73,92,60,82,79,86,73,85,72,79,69,10,11,13,7,10,€156.8M
182493,D. Godín,32,Uruguay,90,90,Atlético Madrid,€44M,€125K,Right,3,3,2,Medium/ High,Lean,CB,10,"Aug 4, 2010",,2019,6'2,172lbs,55,42,92,79,47,53,49,51,70,76,68,68,58,85,54,67,91,66,88,43,89,88,48,52,50,82,90,89,89,6,8,15,5,15,€90.2M
168542,David Silva,32,Spain,90,90,Manchester City,€60M,€285K,Left,4,2,4,High/ Medium,Normal,LCM,21,"Jul 14, 2010",,2020,5'8,148lbs,84,76,54,93,82,89,82,77,87,94,70,64,92,90,90,72,64,78,52,75,57,50,89,92,75,93,59,53,29,6,15,7,6,12,€111M
215914,N. Kanté,27,France,89,90,Chelsea,€63M,€225K,Right,3,3,2,Medium/ High,Lean,LDM,13,"Jul 16, 2016",,2023,5'6,159lbs,68,65,54,86,56,79,49,49,81,80,82,78,82,93,92,71,77,96,76,69,90,92,71,79,54,85,90,91,85,15,12,10,7,10,€121.3M
211110,P. Dybala,24,Argentina,89,94,Juventus,€89M,€205K,Left,3,3,4,High/ Medium,Normal,LF,21,"Jul 1, 2015",,2022,5'10,165lbs,82,84,68,87,88,92,88,88,75,92,87,83,91,86,85,82,75,80,65,88,48,32,84,87,86,84,23,20,20,5,4,4,5,8,€153.5M
202126,H. Kane,24,England,89,91,Tottenham Hotspur,€83.5M,€205K,Right,3,4,3,High/ High,Normal,ST,9,"Jul 1, 2010",,2024,6'2,196lbs,75,94,85,80,84,80,78,68,82,84,68,72,71,91,71,88,78,89,84,85,76,35,93,80,90,89,56,36,38,8,10,11,14,11,€160.7M
194765,A. Griezmann,27,France,89,90,Atlético Madrid,€78M,€145K,Left,4,3,4,High/ High,Lean,CAM,7,"Jul 28, 2014",,2023,5'9,161lbs,82,90,84,83,87,88,84,78,76,90,88,85,90,90,80,80,90,83,62,82,69,35,91,83,79,87,59,47,48,14,8,14,13,14,€165.8M
192448,M. ter Stegen,26,Germany,89,92,FC Barcelona,€58M,€240K,Right,3,4,1,Medium/ Medium,Normal,GK,22,"Jul 1, 2014",,2022,6'2,187lbs,15,14,11,36,14,17,18,12,42,18,38,50,37,85,43,22,79,35,79,10,43,22,11,69,25,69,25,13,10,87,85,88,85,90,€123.3M
192119,T. Courtois,26,Belgium,89,90,Real Madrid,€53.5M,€240K,Left,4,2,1,Medium/ Medium,Courtois,GK,1,"Aug 9, 2018",,2024,6'6,212lbs,14,14,13,33,12,13,19,20,35,23,46,52,61,84,45,36,68,38,70,17,23,15,13,44,27,66,20,18,16,85,91,72,86,88,€113.7M
189511,Sergio Busquets,29,Spain,89,89,FC Barcelona,€51.5M,€315K,Right,4,3,3,Medium/ Medium,Lean,CDM,5,"Sep 1, 2008",,2023,6'2,168lbs,62,67,68,89,44,80,66,68,82,88,50,52,66,87,52,61,66,86,77,54,85,87,77,87,60,90,90,86,80,5,8,13,9,13,€105.6M
179813,E. Cavani,31,Uruguay,89,89,Paris Saint-Germain,€60M,€200K,Right,4,4,3,High/ High,Lean,LS,21,"Jul 16, 2013",,2020,6'1,170lbs,70,89,89,78,90,80,77,76,52,82,75,76,77,91,59,87,88,92,78,79,84,48,93,77,85,82,52,45,39,12,5,13,13,10,€111M
167495,M. Neuer,32,Germany,89,89,FC Bayern München,€38M,€130K,Right,5,4,1,Medium/ Medium,Normal,GK,1,"Jul 1, 2011",,2021,6'4,203lbs,15,13,25,55,11,30,14,11,59,48,54,60,51,84,35,25,77,43,80,16,29,30,12,70,47,70,17,10,11,90,86,91,87,87,€62.7M
153079,S. Agüero,30,Argentina,89,89,Manchester City,€64.5M,€300K,Right,4,4,4,High/ Medium,Stocky,ST,10,"Jul 28, 2011",,2021,5'8,154lbs,70,93,77,81,85,89,82,73,64,89,88,80,86,90,91,88,81,76,73,83,65,24,92,83,83,90,30,20,12,13,15,6,11,14,€119.3M
138956,G. Chiellini,33,Italy,89,89,Juventus,€27M,€215K,Left,4,3,2,Medium/ High,Normal,LCB,3,"Jul 1, 2005",,2020,6'2,187lbs,58,33,83,59,45,58,60,31,59,57,63,75,54,82,55,78,89,65,89,49,92,88,28,50,50,84,93,93,90,3,3,2,4,3,€44.6M
231747,K. Mbappé,19,France,88,95,Paris Saint-Germain,€81M,€100K,Right,3,4,5,High/ Medium,Lean,RM,10,"Jul 1, 2018",,2022,5'10,161lbs,77,88,77,82,78,90,77,63,73,91,96,96,92,87,83,79,75,83,71,78,62,38,88,82,70,86,34,34,32,13,5,7,11,6,€166.1M
209331,M. Salah,26,Egypt,88,89,Liverpool,€69.5M,€255K,Left,3,3,4,High/ Medium,PLAYER_BODY_TYPE_25,RM,10,"Jul 1, 2017",,2023,5'9,157lbs,78,90,59,82,73,89,83,60,72,88,94,91,91,91,88,77,68,84,70,83,63,55,90,82,61,91,38,43,41,14,14,9,11,14,€137.3M
200145,Casemiro,26,Brazil,88,90,Real Madrid,€59.5M,€285K,Right,3,3,2,Medium/ High,Normal,CDM,14,"Jul 11, 2013",,2021,6'1,185lbs,52,59,76,85,53,69,59,74,82,78,59,65,62,84,66,86,88,87,89,79,87,87,69,77,66,84,88,90,87,13,14,16,12,12,€126.4M
198710,J. Rodríguez,26,Colombia,88,89,FC Bayern München,€69.5M,€315K,Left,4,3,4,Medium/ Medium,Normal,LAM,10,,Real Madrid,"Jun 30, 2019",5'11,172lbs,90,83,62,89,90,85,89,86,83,90,73,67,83,85,76,86,54,70,68,92,64,55,80,89,81,87,52,41,44,15,15,15,5,14,
198219,L. Insigne,27,Italy,88,88,Napoli,€62M,€165K,Right,3,3,4,High/ Medium,Normal,LW,10,"Jul 1, 2010",,2022,5'4,130lbs,86,77,56,85,74,90,87,77,78,93,94,86,94,83,93,75,53,75,44,84,34,26,83,87,61,83,51,24,22,8,4,14,9,10,€105.4M
197781,Isco,26,Spain,88,91,Real Madrid,€73.5M,€315K,Right,3,3,4,High/ Medium,Normal,LW,22,"Jul 3, 2013",,2022,5'9,174lbs,75,79,55,89,65,94,88,76,83,95,75,69,87,77,90,69,64,70,59,87,58,64,78,89,76,86,60,64,51,10,8,12,15,6,€156.2M
190460,C. Eriksen,26,Denmark,88,91,Tottenham Hotspur,€73.5M,€205K,Right,3,5,4,High/ Medium,Lean,CAM,10,"Aug 30, 2013",,2020,5'11,168lbs,88,80,52,91,77,84,86,87,88,91,75,73,79,88,81,84,50,92,58,89,46,56,83,91,67,88,59,57,22,9,14,7,7,6,€141.5M
189242,Coutinho,26,Brazil,88,89,FC Barcelona,€69.5M,€340K,Right,3,4,5,High/ High,Normal,LW,7,"Jan 6, 2018",,2023,5'8,150lbs,79,79,48,88,75,91,91,86,83,92,89,75,92,83,93,83,59,79,61,93,59,49,84,90,70,85,55,54,47,12,7,9,14,6,€147.7M
188567,P. Aubameyang,29,Gabon,88,88,Arsenal,€59M,€265K,Right,3,4,4,Medium/ Low,Lean,LM,14,"Jan 31, 2018",,2021,6'2,176lbs,77,88,79,77,86,79,80,74,64,82,93,95,76,87,70,82,79,76,76,79,43,48,90,77,76,86,27,25,36,6,9,15,9,9,€112.1M
178603,M. Hummels,29,Germany,88,88,FC Bayern München,€46M,€160K,Right,4,3,3,High/ Medium,Normal,LCB,5,"Jul 1, 2016",,2021,6'3,203lbs,64,55,87,81,60,68,65,53,85,81,53,64,63,87,60,71,68,66,84,51,69,92,56,79,68,91,88,90,88,15,6,10,5,6,€75.9M
176676,Marcelo,30,Brazil,88,88,Real Madrid,€43M,€285K,Left,4,4,5,High/ Low,Normal,LB,12,"Jan 1, 2007",,2022,5'9,176lbs,90,70,75,84,54,90,85,67,76,92,83,82,86,88,86,83,76,91,78,70,84,85,85,82,59,86,71,85,86,12,5,5,5,9,€88.2M
173731,G. Bale,28,Wales,88,88,Real Madrid,€60M,€355K,Left,4,3,4,High/ Medium,Lean,ST,11,"Sep 2, 2013",,2022,6'1,181lbs,87,86,84,85,85,87,90,87,80,85,94,95,82,85,65,92,87,75,80,91,65,59,85,79,76,86,54,55,52,15,15,11,5,6,€123M
167948,H. Lloris,31,France,88,88,Tottenham Hotspur,€36M,€150K,Left,4,1,1,Medium/ Medium,Lean,GK,1,"Aug 1, 2012",,2022,6'2,181lbs,13,10,10,50,11,10,11,10,50,34,65,62,55,85,54,23,74,41,43,14,31,27,10,30,40,65,29,10,18,88,84,68,83,92,€66.6M
167664,G. Higuaín,30,Argentina,88,88,Milan,€57M,€245K,Right,4,4,3,High/ Medium,Normal,LS,9,,Juventus,"Jun 30, 2019",6'1,196lbs,68,92,80,75,90,84,74,62,59,85,73,73,75,86,69,86,79,70,85,80,50,20,92,74,70,86,35,22,18,5,12,7,5,10,
164240,Thiago Silva,33,Brazil,88,88,Paris Saint-Germain,€24M,€165K,Right,4,3,2,Medium/ High,Normal,RCB,2,"Jul 1, 2012",,2020,6'0,181lbs,60,38,81,80,63,62,61,64,80,80,70,72,68,82,68,71,90,74,82,68,76,89,59,72,60,81,88,89,85,9,12,5,9,10,€44.4M
162835,S. Handanovič,33,Slovenia,88,88,Inter,€30M,€110K,Right,3,2,1,Medium/ Medium,Normal,GK,1,"Jul 1, 2012",,2021,6'4,203lbs,12,10,10,36,12,12,12,14,34,16,51,55,47,83,36,22,78,41,71,19,25,22,12,41,23,69,25,10,13,87,86,69,89,89,€51M
1179,G. Buffon,40,Italy,88,88,Paris Saint-Germain,€4M,€77K,Right,4,2,1,Medium/ Medium,Normal,GK,1,"Jul 6, 2018",,2019,6'4,203lbs,13,15,13,37,17,26,20,13,35,28,49,43,55,79,49,39,75,39,69,13,38,28,12,50,22,70,13,11,11,88,87,74,90,83,€7.4M
205600,S. Umtiti,24,France,87,92,FC Barcelona,€57M,€205K,Left,3,3,2,Medium/ High,Normal,CB,23,"Jul 12, 2016",,2023,6'0,165lbs,69,51,79,81,70,69,72,62,73,77,71,73,68,82,66,83,89,78,84,74,81,87,58,58,61,82,90,89,86,15,10,14,12,15,€121.1M
201399,M. Icardi,25,Argentina,87,90,Inter,€64.5M,€130K,Right,3,4,3,Medium/ Low,Normal,ST,9,"Jul 9, 2013",,2021,5'11,165lbs,46,91,91,73,85,77,58,45,54,81,77,78,76,88,76,84,94,72,76,70,56,22,92,64,82,85,45,24,20,13,9,5,7,9,€114.5M
201024,K. Koulibaly,27,Senegal,87,90,Napoli,€51M,€115K,Right,3,3,2,High/ High,Normal,LCB,26,"Jul 1, 2014",,2021,6'2,196lbs,30,19,81,66,14,66,28,28,56,60,68,75,50,80,40,55,81,71,94,15,87,88,24,43,33,78,91,88,86,7,11,7,13,5,€90.5M
195864,P. Pogba,25,France,87,91,Manchester United,€64M,€210K,Right,4,4,5,High/ Low,Normal,RDM,6,"Aug 9, 2016",,2021,6'4,185lbs,80,73,73,86,85,87,84,82,90,90,71,79,74,81,64,90,83,88,89,81,78,66,81,87,81,87,66,70,68,5,6,2,4,3,€123.2M
193041,K. Navas,31,Costa Rica,87,87,Real Madrid,€30.5M,€195K,Right,3,3,1,Medium/ Medium,Normal,GK,1,"Aug 3, 2014",,2020,6'1,176lbs,11,15,11,30,11,16,11,15,37,19,54,53,60,84,61,21,74,39,75,13,32,20,16,68,25,67,28,14,14,90,81,75,82,90,€62.5M
192505,R. Lukaku,25,Belgium,87,89,Manchester United,€62.5M,€230K,Left,3,3,3,Medium/ Medium,Stocky,ST,9,"Jul 10, 2017",,2022,6'3,207lbs,78,87,86,77,79,80,74,66,73,72,77,90,60,86,46,88,71,84,94,74,75,27,89,76,78,83,30,30,30,8,15,14,7,10,€120.3M
192387,C. Immobile,28,Italy,87,87,Lazio,€52M,€115K,Right,3,4,3,High/ Medium,Normal,ST,17,"Jul 27, 2016",,2023,6'1,187lbs,55,90,81,74,87,83,70,51,49,83,78,85,77,87,63,86,77,80,76,80,77,40,91,65,78,81,34,33,32,6,8,15,12,6,€88.4M
189332,Jordi Alba,29,Spain,87,87,FC Barcelona,€38M,€250K,Left,3,3,3,High/ Medium,Normal,LB,18,"Jul 1, 2012",,2020,5'7,150lbs,87,73,70,84,60,80,80,63,74,84,93,93,90,83,85,64,81,91,61,66,75,84,79,70,59,79,72,84,85,13,15,13,6,13,€77.9M
175943,D. Mertens,31,Belgium,87,87,Napoli,€45M,€135K,Right,3,4,4,High/ Low,Normal,RF,14,"Jul 1, 2013",,2020,5'7,134lbs,77,86,35,82,70,91,82,79,74,89,93,85,94,88,92,80,60,75,42,81,59,36,87,83,79,81,25,40,40,7,10,8,10,4,€76.5M
172871,J. Vertonghen,31,Belgium,87,87,Tottenham Hotspur,€34M,€155K,Left,3,3,3,High/ High,Normal,LCB,5,"Jul 1, 2012",,2019,6'2,190lbs,68,56,80,79,52,71,58,73,74,76,61,65,61,84,60,80,85,75,79,66,84,89,60,68,66,83,90,87,88,6,10,9,12,7,€62.9M
171877,M. Hamšík,30,Slovakia,87,87,Napoli,€46.5M,€125K,Right,3,5,3,High/ Medium,Normal,LCM,17,"Jul 1, 2007",,2020,6'0,174lbs,78,79,74,88,79,86,80,72,83,87,69,68,76,88,66,82,71,84,67,83,56,72,88,86,70,84,75,73,62,8,6,4,14,14,€79.1M
168651,I. Rakitić,30,Croatia,87,87,FC Barcelona,€46.5M,€260K,Right,4,3,3,High/ High,Normal,RCM,4,"Jul 1, 2014",,2021,6'0,172lbs,84,83,58,87,80,84,88,84,90,87,66,59,72,77,66,84,39,84,66,90,67,75,79,86,82,81,72,74,70,14,11,12,5,9,€95.3M
152729,Piqué,31,Spain,87,87,FC Barcelona,€34M,€240K,Right,4,3,2,High/ Medium,Normal,RCB,3,"Jul 1, 2008",,2022,6'4,187lbs,57,64,83,81,57,59,58,43,80,78,49,60,58,84,36,62,74,65,83,51,72,88,58,62,69,86,91,86,84,10,11,14,15,8,€69.7M
222492,L. Sané,22,Germany,86,92,Manchester City,€61M,€195K,Left,2,3,4,High/ Medium,Lean,LW,19,"Aug 2, 2016",,2021,6'0,165lbs,83,81,72,79,85,88,82,68,64,85,93,96,88,81,81,86,64,79,70,78,61,34,84,82,71,78,36,32,35,8,12,9,9,14,€125.1M
218667,Bernardo Silva,23,Portugal,86,91,Manchester City,€59.5M,€180K,Left,2,3,4,High/ Medium,Lean,RW,11,"Jul 1, 2017",,2022,5'8,141lbs,85,75,51,85,69,92,83,67,79,91,84,74,90,82,88,70,50,78,48,72,58,49,83,86,68,85,49,44,35,9,10,14,12,9,€114.5M
210257,Ederson,24,Brazil,86,90,Manchester City,€41.5M,€125K,Left,2,3,1,Medium/ Medium,Normal,GK,31,"Jul 1, 2017",,2025,6'2,190lbs,20,14,14,56,18,23,15,20,58,37,64,63,60,86,48,42,58,41,68,18,35,25,20,67,17,70,28,15,8,85,80,91,82,87,€79.9M
208722,S. Mané,26,Senegal,86,87,Liverpool,€52M,€195K,Right,3,4,4,High/ Medium,Lean,LM,10,"Jul 1, 2016",,2023,5'9,152lbs,73,84,62,79,71,87,74,64,71,86,95,93,91,86,86,82,75,84,67,74,73,35,87,82,71,80,42,42,38,10,10,15,7,14,€102.7M
203376,V. van Dijk,26,Netherlands,86,88,Liverpool,€44.5M,€165K,Right,3,3,2,Medium/ Medium,Normal,LCB,4,"Jan 1, 2018",,2023,6'4,203lbs,53,52,82,76,45,70,60,70,78,73,74,77,61,85,49,81,85,71,92,64,81,86,41,59,62,83,88,89,84,13,10,13,11,11,€87.9M
202652,R. Sterling,23,England,86,89,Manchester City,€56.5M,€195K,Right,3,3,4,High/ Medium,Lean,RW,10,"Jul 14, 2015",,2023,5'7,152lbs,77,77,38,84,67,88,70,63,69,87,95,92,93,87,93,73,57,78,52,73,38,30,87,77,69,77,47,58,54,15,12,12,15,9,€108.8M
201942,Roberto Firmino,26,Brazil,86,87,Liverpool,€53M,€195K,Right,3,4,4,High/ High,Lean,CAM,9,"Jul 6, 2015",,2023,5'11,168lbs,72,87,77,86,81,87,80,65,75,88,78,77,80,86,81,81,81,90,74,76,73,58,87,85,72,87,60,64,42,8,11,9,6,10,€104.7M
201535,R. Varane,25,France,86,91,Real Madrid,€50M,€210K,Right,3,3,2,Medium/ High,Lean,RCB,4,"Jul 1, 2011",,2022,6'3,179lbs,36,40,83,75,42,57,46,54,76,77,83,85,63,83,40,52,79,73,84,53,77,82,44,56,43,82,87,88,87,11,11,9,5,14,€106.3M
199556,M. Verratti,25,Italy,86,89,Paris Saint-Germain,€55M,€135K,Right,3,4,4,Medium/ High,Normal,LCM,6,"Jul 18, 2012",,2021,5'5,132lbs,72,60,55,90,64,90,73,64,89,88,69,62,87,85,94,56,64,77,52,58,89,84,71,87,64,93,78,83,80,12,12,15,15,10,€105.9M
191043,Alex Sandro,27,Brazil,86,86,Juventus,€36.5M,€160K,Left,3,3,3,High/ High,Normal,LB,12,"Aug 21, 2015",,2020,5'11,176lbs,84,55,76,81,68,80,78,59,71,81,83,86,79,84,78,80,79,92,79,72,82,82,70,70,60,82,81,84,84,7,7,9,12,5,€60.2M
190483,Douglas Costa,27,Brazil,86,86,Juventus,€46.5M,€175K,Left,3,3,5,High/ Medium,Normal,LM,11,"Jul 1, 2018",,2022,5'8,154lbs,84,67,50,84,76,92,84,78,68,91,97,93,93,84,91,86,61,78,63,80,55,48,76,84,77,84,45,38,34,13,15,9,12,5,€76.7M
189596,T. Müller,28,Germany,86,86,FC Bayern München,€45M,€135K,Right,4,4,3,High/ High,Lean,CAM,13,"Aug 10, 2008",,2021,6'1,165lbs,79,87,82,83,84,75,81,59,72,82,73,75,75,91,72,78,81,87,68,80,57,58,92,85,60,83,44,41,44,6,7,11,14,14,€74.3M
189509,Thiago,27,Spain,86,86,FC Bayern München,€45.5M,€130K,Right,3,3,5,Medium/ Medium,Normal,CM,19,"Jul 14, 2013",,2021,5'9,154lbs,72,69,54,90,90,90,85,77,87,90,78,69,90,84,86,75,75,75,59,79,57,78,79,86,75,85,67,63,65,6,11,7,9,13,€75.1M
188350,M. Reus,29,Germany,86,86,Borussia Dortmund,€43.5M,€100K,Right,4,4,4,High/ Medium,Lean,LM,11,"Jul 1, 2012",,2023,5'11,157lbs,79,87,49,86,90,87,89,84,75,86,86,85,86,87,81,88,70,73,67,86,49,50,88,86,89,84,47,36,45,12,12,13,13,11,€74M
184432,Azpilicueta,28,Spain,86,86,Chelsea,€35M,€175K,Right,3,3,2,Medium/ Medium,Normal,RB,14,"Aug 24, 2012",,2022,5'10,168lbs,81,46,76,81,51,69,68,58,80,77,76,76,72,88,73,68,76,87,71,60,82,89,62,74,66,78,88,90,86,13,9,10,6,5,€64.8M
184344,L. Bonucci,31,Italy,86,86,Juventus,€30M,€160K,Right,3,3,2,Low/ High,Lean,RCB,19,"Aug 2, 2018",,2023,6'3,187lbs,44,48,86,77,58,69,56,61,85,75,57,65,60,84,52,74,85,71,83,65,82,90,38,74,70,86,90,86,80,2,2,3,2,4,€49.5M
184087,T. Alderweireld,29,Belgium,86,87,Tottenham Hotspur,€39M,€150K,Right,3,3,2,Medium/ Medium,Normal,RCB,2,"Jul 8, 2015",,2020,6'1,179lbs,64,45,82,79,38,62,63,69,85,74,61,66,60,86,50,78,84,74,79,65,80,87,58,67,58,81,90,91,86,16,6,14,16,14,€75.1M
180206,M. Pjanić,28,Bosnia Herzegovina,86,86,Juventus,€44M,€180K,Right,3,4,3,Medium/ Medium,Normal,CDM,5,"Jul 1, 2016",,2023,5'10,159lbs,80,60,60,89,72,86,86,92,85,89,66,66,77,84,79,78,61,78,66,82,70,78,70,88,79,86,75,74,70,7,7,13,7,8,€72.6M
177509,M. Benatia,31,Morocco,86,86,Juventus,€30M,€160K,Right,3,3,2,Medium/ High,Normal,CB,4,"Aug 26, 2014",,2020,6'2,207lbs,45,47,83,65,44,64,34,27,65,64,65,75,59,82,53,66,85,69,91,24,86,86,38,47,41,82,89,87,85,7,4,8,7,11,€49.5M
176635,M. Özil,29,Germany,86,86,Arsenal,€43.5M,€190K,Left,4,2,4,Medium/ Low,Lean,CAM,10,"Sep 2, 2013",,2021,5'11,168lbs,83,73,54,89,80,84,84,77,82,90,72,69,79,84,70,70,48,69,57,75,48,24,83,91,67,82,24,16,19,6,14,10,6,14,€82.7M
135507,Fernandinho,33,Brazil,86,86,Manchester City,€18M,€185K,Right,3,4,3,Medium/ High,Lean,CDM,25,"Jul 1, 2013",,2020,5'10,148lbs,68,69,63,85,74,77,70,72,81,82,68,67,72,86,78,83,76,79,76,78,87,88,70,75,61,79,85,85,80,12,11,5,13,7,€33.3M
41,Iniesta,34,Spain,86,86,Vissel Kobe,€21.5M,€21K,Right,4,4,4,High/ Medium,Normal,LF,8,"Jul 16, 2018",,2021,5'7,150lbs,77,70,54,90,74,90,80,70,85,92,70,67,79,86,84,65,47,55,58,71,58,66,81,93,71,89,67,57,56,6,13,6,13,7,€26.9M
232363,M. Škriniar,23,Slovakia,85,92,Inter,€46.5M,€82K,Right,1,4,2,Medium/ High,Normal,LCB,37,"Jul 7, 2017",,2022,6'2,176lbs,40,42,80,70,40,59,34,30,68,67,70,73,48,81,48,50,78,77,83,30,86,86,30,57,56,80,92,88,82,10,13,12,8,12,€88.4M
223848,S. Milinković-Savić,23,Serbia,85,90,Lazio,€50.5M,€73K,Right,2,4,4,High/ Medium,Normal,CM,21,"Aug 6, 2015",,2023,6'3,168lbs,64,80,86,85,74,86,78,75,85,87,68,70,66,80,59,83,85,85,88,80,73,78,79,85,56,82,75,77,72,7,10,7,16,7,€89.6M
220834,Marco Asensio,22,Spain,85,92,Real Madrid,€54M,€215K,Left,3,3,4,High/ Medium,Normal,RW,10,"Jul 1, 2015",,2023,6'0,168lbs,82,82,50,83,79,86,83,76,82,85,85,82,79,82,76,86,58,76,61,88,45,45,82,84,62,83,40,42,39,13,9,6,12,10,€121.5M
216594,N. Fekir,24,France,85,89,Olympique Lyonnais,€50M,€92K,Left,3,3,4,High/ Medium,Stocky,CAM,18,"Jul 1, 2013",,2020,5'8,165lbs,83,82,49,83,77,90,81,79,75,89,79,79,90,80,91,84,69,80,82,82,73,28,81,81,81,89,31,37,25,15,9,8,14,15,€98.8M
212831,Alisson,25,Brazil,85,90,Liverpool,€36.5M,€115K,Right,3,3,1,Medium/ Medium,Normal,GK,13,"Jul 19, 2018",,2024,6'3,201lbs,17,13,19,45,20,27,19,18,44,30,54,45,40,84,37,21,52,32,78,14,27,11,13,66,23,65,15,19,16,83,81,85,84,88,€72.1M
212622,J. Kimmich,23,Germany,85,88,FC Bayern München,€40.5M,€92K,Right,3,4,3,High/ Low,Lean,RCM,18,"Jul 1, 2015",,2023,5'9,154lbs,90,66,74,85,61,80,81,61,80,85,78,68,84,85,83,75,79,85,65,69,74,79,80,79,44,82,75,81,79,8,15,7,15,15,€69.9M
208421,Saúl,23,Spain,85,90,Atlético Madrid,€50.5M,€77K,Left,3,4,3,High/ High,Lean,RCM,6,"Jul 1, 2013",,2026,6'0,170lbs,69,78,83,85,76,83,72,60,83,85,74,73,76,82,69,78,79,86,77,79,69,78,82,82,55,83,77,79,76,7,13,12,10,9,€107.3M
204485,R. Mahrez,27,Algeria,85,85,Manchester City,€40.5M,€205K,Left,3,4,5,Medium/ Medium,Lean,RW,26,"Jul 10, 2018",,2023,5'10,148lbs,81,80,48,82,72,91,84,78,76,90,88,83,93,77,88,79,61,76,54,81,48,39,80,81,73,86,45,31,18,15,9,13,11,6,€74.9M
197445,D. Alaba,26,Austria,85,87,FC Bayern München,€38M,€110K,Left,4,4,3,High/ Medium,Lean,LB,8,"Feb 10, 2010",,2021,5'11,168lbs,81,63,75,82,68,79,78,84,80,83,79,86,79,84,77,83,82,87,71,82,69,84,76,77,80,79,80,82,80,5,7,14,15,9,€65.6M
193747,Koke,26,Spain,85,86,Atlético Madrid,€45M,€88K,Right,3,4,3,High/ High,Normal,LM,8,"Jan 1, 2011",,2019,5'9,163lbs,86,72,61,90,56,82,85,76,89,86,71,68,74,85,78,84,61,90,79,81,71,66,84,87,59,78,80,69,51,14,12,5,10,13,€95.6M
193301,A. Lacazette,27,France,85,86,Arsenal,€45M,€180K,Right,3,4,4,High/ High,Normal,ST,9,"Jul 5, 2017",,2022,5'9,161lbs,64,88,73,80,81,85,74,71,59,83,81,84,85,85,85,83,76,79,73,75,70,42,86,76,84,85,29,42,30,11,6,9,5,6,€88.9M
192774,K. Manolas,27,Greece,85,87,Roma,€37.5M,€96K,Right,3,2,2,Low/ High,Normal,LCB,4,"Aug 26, 2014",,2022,6'2,183lbs,27,10,80,60,16,54,30,10,61,65,80,85,68,85,59,40,86,76,82,12,86,86,25,22,26,79,86,87,89,8,6,8,15,12,€66.6M
192366,N. Otamendi,30,Argentina,85,85,Manchester City,€28.5M,€170K,Right,3,3,2,High/ High,Normal,CB,30,"Aug 20, 2015",,2022,6'0,179lbs,52,54,85,75,57,51,50,39,72,70,57,61,64,79,62,69,92,67,80,56,91,84,51,53,45,80,83,85,84,12,5,8,11,12,€52.7M
189513,Parejo,29,Spain,85,85,Valencia CF,€37M,€66K,Right,2,4,3,Medium/ Low,Lean,RCM,10,"Jul 1, 2011",,2020,6'0,163lbs,84,79,61,90,72,78,89,90,87,84,51,43,66,78,72,78,51,78,72,82,58,81,81,86,83,78,69,68,60,5,9,12,14,8,€77.7M
187961,Paulinho,29,Brazil,85,85,Guangzhou Evergrande Taobao FC,€37M,€235K,Right,3,3,3,High/ High,Lean,LDM,9,,FC Barcelona,"Jun 30, 2019",6'0,157lbs,64,81,85,84,75,82,66,72,80,84,73,73,69,84,66,83,90,92,81,80,81,81,84,78,71,80,75,81,73,16,16,11,6,8,
186153,W. Szczęsny,28,Poland,85,87,Juventus,€32M,€125K,Right,3,3,1,Medium/ Medium,Lean,GK,1,"Jul 19, 2017",,2021,6'5,198lbs,12,12,16,32,14,11,16,14,36,22,51,47,55,82,51,15,71,45,65,14,40,15,14,48,18,65,20,13,12,85,81,71,85,87,€55.2M
184941,A. Sánchez,29,Chile,85,85,Manchester United,€37.5M,€215K,Right,4,3,4,High/ High,Normal,RW,7,"Jan 22, 2018",,2022,5'7,163lbs,77,80,73,77,83,87,79,78,75,86,86,79,90,83,87,84,87,83,72,81,79,46,84,82,77,84,38,44,35,10,10,15,12,13,€69.4M
184267,Y. Brahimi,28,Algeria,85,85,FC Porto,€39M,€28K,Right,3,3,4,High/ Medium,Normal,LM,8,"Jul 22, 2014",,2019,5'9,146lbs,79,76,46,79,73,93,84,78,72,86,87,75,92,84,87,69,72,85,49,76,46,38,83,79,75,90,51,36,25,13,16,12,7,7,€78M
183907,J. Boateng,29,Germany,85,85,FC Bayern München,€30M,€115K,Right,4,4,2,Medium/ Medium,Stocky,RCB,17,"Jul 14, 2011",,2021,6'4,198lbs,69,34,85,75,52,64,53,31,83,70,67,72,56,82,52,78,74,69,91,58,81,81,47,75,46,84,84,87,87,7,12,15,6,5,€49.5M
181872,A. Vidal,31,Chile,85,85,FC Barcelona,€26M,€205K,Right,4,4,3,Medium/ Medium,Normal,CAM,8,"Aug 6, 2018",,2021,5'11,165lbs,76,75,82,83,78,76,76,68,79,82,60,55,74,84,75,86,85,83,79,85,93,84,80,80,81,81,82,87,86,4,2,4,2,4,€53.3M
181458,I. Perišić,29,Croatia,85,85,Inter,€37.5M,€110K,Right,3,5,4,Medium/ Medium,Lean,LM,44,"Sep 1, 2015",,2022,6'1,176lbs,83,79,80,81,81,84,73,75,77,85,84,88,78,81,74,84,84,89,78,79,65,69,85,79,76,80,64,52,54,6,7,10,9,6,€63.8M
180930,E. Džeko,32,Bosnia Herzegovina,85,85,Roma,€30.5M,€115K,Right,3,5,2,Medium/ Medium,Lean,ST,9,"Jul 1, 2015",,2020,6'4,185lbs,63,89,84,77,77,76,65,54,72,84,65,66,57,83,36,86,66,76,80,79,51,50,89,74,67,83,58,28,16,9,11,13,15,15,€51.9M
179846,S. Khedira,31,Germany,85,85,Juventus,€33M,€160K,Right,3,4,2,High/ High,Normal,RCM,6,"Jul 1, 2015",,2021,6'2,198lbs,72,72,76,85,78,81,68,68,82,84,54,60,55,87,54,82,68,78,87,78,82,86,79,82,69,84,80,83,76,11,9,5,15,8,€54.5M
179844,Diego Costa,29,Spain,85,85,Atlético Madrid,€38.5M,€100K,Right,4,4,2,High/ Medium,Normal,LS,19,"Jan 1, 2018",,2021,6'2,190lbs,65,87,82,65,81,77,62,59,52,83,74,76,58,85,53,83,64,76,92,74,93,40,87,74,75,83,58,39,34,11,13,12,8,11,€78.9M
178518,R. Nainggolan,30,Belgium,85,85,Inter,€35.5M,€105K,Right,3,3,3,High/ High,Stocky,CAM,14,"Jul 1, 2018",,2022,5'9,170lbs,73,75,59,84,75,80,73,68,81,85,78,73,76,87,82,84,76,93,77,86,88,86,86,76,63,84,83,86,90,11,11,14,8,11,€60.4M
171919,Naldo,35,Brazil,85,85,FC Schalke 04,€9M,€38K,Right,3,4,2,Medium/ Medium,Lean,CB,29,"Jul 1, 2016",,2020,6'6,201lbs,45,57,94,76,60,60,52,76,70,68,60,65,46,85,36,92,45,61,83,82,72,83,53,59,60,84,86,88,85,14,10,14,8,14,€15.3M
170890,B. Matuidi,31,France,85,85,Juventus,€26M,€145K,Left,3,2,2,High/ High,Lean,LM,14,"Aug 18, 2017",,2020,5'11,165lbs,75,64,68,83,72,78,65,52,77,79,79,77,83,84,79,78,84,94,76,70,86,86,72,76,56,82,85,84,86,8,11,5,10,14,€42.9M
168609,Miranda,33,Brazil,85,85,Inter,€15.5M,€96K,Right,3,3,2,Medium/ High,Lean,CB,23,"Jul 1, 2017",,2020,6'1,172lbs,48,43,80,70,51,67,32,39,69,73,66,69,61,81,57,70,82,65,79,41,83,85,43,58,49,81,90,90,85,12,6,10,13,12,€26.4M
165153,K. Benzema,30,France,85,85,Real Madrid,€37M,€240K,Right,4,4,4,Medium/ Low,Normal,ST,9,"Jul 9, 2009",,2021,6'1,179lbs,75,81,80,83,82,83,79,73,62,86,76,76,76,83,66,81,73,75,80,75,65,22,86,85,82,79,47,15,12,13,11,5,5,7,€75.9M
164169,Filipe Luís,32,Brazil,85,85,Atlético Madrid,€21.5M,€81K,Left,3,3,3,High/ Medium,Lean,LB,3,"Jul 28, 2015",,2019,6'0,163lbs,86,59,72,80,56,77,74,75,77,83,76,75,75,85,62,71,71,89,74,60,81,84,71,70,65,88,78,84,86,11,15,9,9,5,€44.1M
139720,V. Kompany,32,Belgium,85,85,Manchester City,€22M,€170K,Right,4,3,2,Medium/ High,Normal,CB,4,"Aug 22, 2008",,2019,6'3,187lbs,61,45,84,73,46,63,61,52,66,70,52,59,57,87,41,75,72,66,87,55,87,82,41,59,63,81,87,85,84,10,9,5,8,6,€40.7M
120533,Pepe,35,Portugal,85,85,Beşiktaş JK,€9M,€57K,Right,4,3,2,Medium/ High,Lean,RCB,3,"Jul 4, 2017",,2019,6'2,179lbs,46,46,80,70,23,58,44,47,61,62,65,70,63,83,49,63,76,60,86,56,94,85,40,48,57,79,86,85,82,8,15,5,9,10,€17.1M
41236,Z. Ibrahimović,36,Sweden,85,85,LA Galaxy,€14M,€15K,Right,5,4,5,Medium/ Low,Normal,RS,9,"Mar 23, 2018",,2022,6'5,209lbs,73,86,83,79,86,79,82,82,73,84,58,59,75,82,39,90,68,61,86,82,84,20,85,79,89,90,28,37,24,13,15,10,9,12,€21M
220793,D. Sánchez,22,Colombia,84,88,Tottenham Hotspur,€34M,€105K,Right,2,3,2,Medium/ High,Normal,RCB,23,"Aug 26, 2017",,2024,6'2,174lbs,36,40,80,77,28,63,30,27,67,73,72,79,60,80,55,66,73,76,83,44,87,82,34,49,44,75,84,85,88,9,7,10,6,15,€65.5M
216460,J. Giménez,23,Uruguay,84,88,Atlético Madrid,€34M,€63K,Right,2,3,2,Medium/ High,Normal,RCB,24,"Jul 1, 2013",,2023,6'1,176lbs,47,37,81,68,30,47,36,44,58,56,69,70,56,76,43,72,92,67,85,48,89,85,24,27,38,73,88,86,87,9,11,7,10,15,€72.3M
212462,Alex Telles,25,Brazil,84,87,FC Porto,€32M,€22K,Left,3,2,3,High/ Medium,Lean,LB,13,"Jul 13, 2016",,2021,5'11,157lbs,89,65,74,83,67,82,87,79,86,82,84,85,73,83,70,80,81,92,68,75,78,80,76,74,68,80,80,81,79,13,8,12,11,14,€66.4M
212218,A. Laporte,24,France,84,88,Manchester City,€34M,€135K,Left,2,3,2,Medium/ Medium,Normal,LCB,14,"Jan 30, 2018",,2023,6'2,187lbs,58,45,85,76,40,59,61,69,78,73,62,66,45,83,55,68,75,67,82,47,75,85,54,57,44,77,85,86,87,10,11,5,14,5,€65.5M
212198,Bruno Fernandes,23,Portugal,84,88,Sporting CP,€40.5M,€22K,Right,2,3,4,High/ Medium,Lean,LCM,8,"Jul 1, 2017",,2023,5'10,152lbs,84,73,58,85,84,83,85,81,82,85,79,76,77,84,78,87,72,89,67,88,65,70,79,86,81,83,63,66,53,12,14,15,8,14,€84M
212190,N. Süle,22,Germany,84,90,FC Bayern München,€36.5M,€84K,Right,2,3,2,Medium/ Medium,Stocky,CB,15,"Jul 1, 2017",,2022,6'5,214lbs,30,20,86,78,31,42,28,30,63,63,52,84,33,79,33,77,38,65,94,62,82,82,26,30,32,72,82,85,83,15,7,14,7,15,€67.5M
211300,A. Martial,22,France,84,90,Manchester United,€42.5M,€165K,Right,3,3,4,Medium/ Medium,Normal,LW,11,"Sep 1, 2015",,2019,6'0,168lbs,76,84,69,77,74,87,84,54,60,86,88,89,85,81,81,84,74,75,75,80,58,42,83,73,81,79,38,39,36,9,8,8,15,11,€87.1M
211117,D. Alli,22,England,84,90,Tottenham Hotspur,€42.5M,€115K,Right,3,3,4,High/ High,Lean,LCM,20,"Feb 2, 2015",,2024,6'2,176lbs,69,83,77,85,79,83,75,68,80,85,73,76,76,85,62,78,67,90,71,80,84,74,86,85,74,86,70,70,63,7,6,9,11,8,€87.1M
209499,Fabinho,24,Brazil,84,88,Liverpool,€34M,€120K,Right,3,2,3,Medium/ Medium,Lean,CDM,3,"Jul 1, 2018",,2023,6'2,172lbs,79,66,75,83,47,76,71,53,78,82,69,72,69,83,67,78,75,92,79,65,85,84,70,75,91,84,83,86,84,13,12,6,8,8,€67.2M
207865,Marquinhos,24,Brazil,84,89,Paris Saint-Germain,€35.5M,€90K,Right,3,3,2,Medium/ Medium,Lean,LDM,5,"Jul 19, 2013",,2022,6'0,165lbs,72,33,80,81,31,59,49,32,78,76,73,76,69,81,68,53,86,75,74,35,80,84,46,51,31,79,85,87,87,6,6,12,10,13,€68.3M
207566,William Carvalho,26,Portugal,84,86,Real Betis,€31.5M,€38K,Right,3,4,3,Medium/ Medium,Normal,CDM,14,"Jul 13, 2018",,2023,6'2,183lbs,68,52,73,84,50,80,79,50,86,79,49,53,51,75,51,59,69,84,90,55,75,84,64,83,60,89,84,85,68,6,6,5,14,14,€68.5M
205498,Jorginho,26,Italy,84,87,Chelsea,€38M,€155K,Right,2,3,3,Medium/ Medium,Lean,CM,8,"Jul 16, 2018",,2023,5'11,148lbs,75,57,56,89,71,82,75,76,87,85,75,69,80,83,73,71,58,79,66,62,79,78,72,87,84,79,63,78,70,14,7,13,14,8,€73.2M
204970,F. Thauvin,25,France,84,87,Olympique de Marseille,€39M,€72K,Left,2,3,4,High/ Medium,Normal,RM,20,"Jul 1, 2017",,2021,5'10,154lbs,83,81,75,83,74,85,86,72,76,86,87,80,86,83,71,83,76,83,66,82,56,42,83,80,74,82,46,29,31,8,11,14,10,9,€77M
204963,Carvajal,26,Spain,84,87,Real Madrid,€31.5M,€185K,Right,3,3,3,High/ High,Stocky,RB,2,"Jul 5, 2013",,2022,5'8,161lbs,83,41,70,81,34,76,72,47,71,83,79,84,81,82,79,64,76,84,74,36,81,83,61,57,45,77,83,83,85,13,13,15,9,15,€66.9M
202556,M. Depay,24,Netherlands,84,89,Olympique Lyonnais,€42M,€93K,Right,3,3,5,High/ Low,Stocky,ST,10,"Jan 20, 2017",,2021,5'9,172lbs,79,79,65,80,74,85,85,88,74,85,87,87,82,79,79,87,74,79,80,81,76,28,83,82,75,79,29,31,20,8,14,6,12,10,€83M
200104,H. Son,25,Korea Republic,84,85,Tottenham Hotspur,€37M,€125K,Right,3,5,4,High/ High,Lean,LM,7,"Aug 28, 2015",,2023,6'0,143lbs,78,85,65,79,79,88,81,70,64,85,88,87,82,84,76,86,63,85,63,88,60,39,85,80,71,82,48,34,33,11,13,13,6,10,€71.2M
199482,A. Lopes,27,Portugal,84,86,Olympique Lyonnais,€25M,€72K,Left,2,2,1,Medium/ Medium,Normal,GK,1,"Jul 1, 2011",,2020,6'0,179lbs,19,18,16,32,13,15,15,14,31,21,63,64,67,84,62,20,82,36,73,18,43,25,9,48,16,65,13,15,13,86,80,75,81,88,€49.4M
198176,S. de Vrij,26,Netherlands,84,86,Inter,€31.5M,€88K,Right,3,4,2,Medium/ High,Normal,CB,14,"Jul 1, 2018",,2023,6'2,172lbs,49,25,80,71,27,63,45,16,71,71,67,69,61,80,59,65,76,66,80,60,78,87,32,59,41,82,88,87,83,8,10,7,14,13,€55.9M
198009,M. Perin,25,Italy,84,89,Juventus,€29.5M,€105K,Right,2,3,1,Medium/ Medium,Lean,GK,22,"Jul 1, 2018",,2022,6'2,170lbs,11,11,12,33,19,19,15,13,31,23,57,56,70,79,30,23,75,30,52,17,25,19,12,44,21,65,20,12,19,81,85,71,79,90,€50.9M
193082,J. Cuadrado,30,Colombia,84,84,Juventus,€29.5M,€150K,Right,3,3,5,High/ Medium,Lean,RAM,11,"Feb 2, 2015",,2020,5'10,159lbs,80,67,58,80,70,90,78,69,69,85,89,93,91,80,82,84,75,78,61,80,78,62,78,76,65,80,63,70,74,5,5,13,6,9,€48.7M
192629,Iago Aspas,30,Spain,84,84,RC Celta,€30M,€45K,Left,2,3,3,High/ High,Lean,ST,17,"Jul 1, 2015",,2022,5'9,148lbs,80,88,78,79,83,86,80,76,64,85,85,78,87,85,74,79,68,75,60,82,63,39,86,75,82,85,39,21,18,12,16,9,12,13,€63M
192563,B. Leno,26,Germany,84,87,Arsenal,€27M,€115K,Right,3,4,1,Medium/ Medium,Normal,GK,12,"Jul 1, 2018",,2023,6'3,183lbs,9,9,13,45,10,16,9,8,40,22,46,52,52,80,44,23,73,43,68,14,28,22,7,54,23,66,27,15,18,84,82,75,85,82,€53.3M
191202,N. Matić,29,Serbia,84,84,Manchester United,€24M,€165K,Left,3,3,3,Medium/ High,Lean,CDM,31,"Jul 31, 2017",,2020,6'4,187lbs,71,64,74,84,73,80,72,67,83,79,52,59,44,83,50,83,67,84,85,75,80,86,69,73,64,84,83,84,75,7,15,12,14,9,€44.4M
190941,L. Hrádecký,28,Finland,84,84,Bayer 04 Leverkusen,€22M,€74K,Right,2,3,1,Medium/ Medium,Lean,GK,1,"Jul 1, 2018",,2023,6'4,187lbs,11,11,11,15,9,10,11,15,20,20,38,44,43,83,39,14,69,34,55,14,31,18,9,53,20,48,10,10,13,85,79,68,82,88,€37.4M
190584,Illarramendi,28,Spain,84,84,Real Sociedad,€31M,€51K,Right,2,3,4,Medium/ High,Normal,RDM,4,"Aug 26, 2015",,2023,5'10,165lbs,68,72,51,86,58,78,76,68,82,83,66,57,71,84,75,69,63,77,68,76,76,87,79,86,50,79,69,83,80,15,7,11,14,12,€65.1M
188377,K. Walker,28,England,84,84,Manchester City,€24.5M,€165K,Right,3,2,2,High/ High,Normal,RB,2,"Jul 14, 2017",,2022,6'0,154lbs,81,51,74,78,57,79,76,71,67,78,86,93,67,83,72,86,83,89,75,69,78,81,67,69,63,75,78,84,83,12,6,16,15,8,€45.3M
186942,I. Gündoğan,27,Germany,84,84,Manchester City,€32M,€175K,Right,3,4,4,High/ Medium,Normal,CM,21,"Jul 1, 2016",,2020,5'11,176lbs,74,73,50,88,75,85,81,74,83,86,67,68,78,85,78,77,61,69,72,73,70,77,79,86,76,87,73,68,64,11,14,5,5,13,€59.2M
185020,José Callejón,31,Spain,84,84,Napoli,€27.5M,€105K,Right,3,3,3,High/ High,Lean,RM,7,"Jul 11, 2013",,2020,5'10,161lbs,82,78,65,80,84,82,73,65,51,85,88,89,85,82,80,78,73,91,55,80,54,40,88,78,62,79,64,32,32,8,5,14,11,11,€46.8M
183898,A. Di María,30,Argentina,84,84,Paris Saint-Germain,€29.5M,€125K,Left,4,2,5,High/ Medium,Lean,RM,11,"Aug 6, 2015",,2021,5'11,152lbs,83,72,51,82,77,86,84,82,79,85,85,84,92,80,77,83,72,73,60,77,73,38,82,82,73,82,35,59,56,10,7,11,12,11,€54.6M
181783,M. Mandžukić,32,Croatia,84,84,Juventus,€25M,€160K,Right,3,3,3,High/ High,Lean,ST,17,"Jul 1, 2015",,2020,6'3,187lbs,72,84,90,75,86,76,64,49,67,77,67,73,67,86,53,80,85,83,85,60,88,66,90,74,76,80,59,64,64,10,8,5,8,15,€41.3M
180403,Willian,29,Brazil,84,84,Chelsea,€30.5M,€175K,Right,3,4,4,High/ High,Lean,RW,22,"Aug 28, 2013",,2020,5'9,172lbs,76,77,31,80,59,88,82,83,77,84,91,86,89,82,79,79,41,85,60,81,44,55,80,83,70,79,43,57,51,14,12,13,7,13,€56.4M
178750,Sergio Asenjo,29,Spain,84,85,Villarreal CF,€24M,€42K,Right,2,3,1,Medium/ Medium,Stocky,GK,1,"Jun 30, 2014",,2022,6'2,192lbs,24,14,13,39,15,15,23,22,39,14,59,54,62,79,58,24,73,41,73,13,20,22,12,46,15,64,24,15,14,85,83,77,82,84,€52.2M
178562,E. Banega,30,Argentina,84,84,Sevilla FC,€29M,€31K,Right,3,4,4,Medium/ Medium,Normal,CDM,10,"Jul 3, 2017",,2020,5'9,157lbs,80,66,49,88,65,84,83,81,87,86,68,64,79,77,83,74,57,74,67,78,73,76,75,88,78,80,75,69,64,13,8,7,7,10,€60.9M
177413,A. Witsel,29,Belgium,84,84,Borussia Dortmund,€24M,€77K,Right,3,4,4,Medium/ Medium,Lean,LCM,6,"Aug 17, 2018",,2022,6'2,179lbs,69,71,80,89,77,78,69,68,79,84,67,74,78,84,60,78,76,86,82,74,82,80,75,79,81,89,80,79,85,5,7,7,10,7,€40.8M
177388,D. Payet,31,France,84,84,Olympique de Marseille,€27.5M,€75K,Right,3,4,4,High/ Low,Normal,CAM,18,"Jan 30, 2017",,2021,5'9,170lbs,87,78,59,84,77,86,90,84,80,90,75,72,79,75,80,80,48,73,72,82,57,37,79,87,74,82,32,36,39,11,15,9,14,12,€52.3M
176769,Jonas,34,Brazil,84,84,SL Benfica,€16.5M,€25K,Right,3,5,3,High/ Medium,Lean,ST,10,"Sep 12, 2014",,2020,5'11,163lbs,70,88,84,76,85,84,85,77,75,88,65,64,77,85,69,84,69,66,63,85,61,34,87,83,84,87,31,36,25,12,11,7,8,5,€33M
172879,Sokratis,30,Greece,84,84,Arsenal,€23M,€140K,Right,3,2,2,Medium/ High,Normal,RCB,19,"Jul 2, 2018",,2021,6'1,187lbs,47,44,85,60,46,58,29,35,51,58,64,73,60,81,64,77,86,69,86,48,88,77,49,45,24,82,85,87,85,6,8,5,12,5,€43.7M
167628,S. Ruffier,31,France,84,84,AS Saint-Étienne,€19M,€41K,Right,3,3,1,Medium/ Medium,Stocky,GK,16,"Jul 11, 2011",,2021,6'2,205lbs,11,11,12,33,13,12,17,12,34,15,45,50,51,78,55,21,72,37,76,11,31,25,12,49,25,66,13,12,11,82,84,77,85,82,€36.1M
167397,Falcao,32,Colombia,84,84,AS Monaco,€25M,€115K,Right,3,4,3,High/ Medium,Normal,RS,9,"Jul 1, 2013",,2020,5'10,159lbs,55,86,89,79,84,75,83,73,58,82,69,66,76,85,75,79,91,68,75,80,75,41,88,70,81,87,39,42,19,10,13,6,9,5,€47.5M
163587,K. Schmeichel,31,Denmark,84,84,Leicester City,€19M,€78K,Right,2,3,1,Medium/ Medium,Stocky,GK,1,"Jun 1, 2011",,2023,6'2,196lbs,18,12,16,44,15,12,13,15,46,40,59,60,62,81,47,36,60,34,64,14,35,20,13,59,26,67,14,14,13,82,77,82,80,88,€36.1M
157481,Raúl Albiol,32,Spain,84,84,Napoli,€18M,€88K,Right,3,3,2,Low/ High,Lean,RCB,33,"Jul 21, 2013",,2021,6'3,181lbs,38,27,77,74,31,59,53,45,72,71,54,53,53,82,56,65,77,55,82,53,81,86,30,57,37,75,89,87,85,8,6,5,9,8,€30.6M
143076,A. Gómez,30,Argentina,84,84,Atalanta,€30M,€53K,Right,3,4,4,High/ Medium,Normal,LS,10,"Sep 2, 2014",,2022,5'5,150lbs,82,76,38,82,72,89,79,79,74,87,94,86,92,83,94,76,70,75,48,79,56,40,81,85,72,84,50,30,34,8,11,12,9,6,€51M
137186,A. Barzagli,37,Italy,84,84,Juventus,€4.2M,€95K,Right,3,3,2,Low/ High,Normal,CB,15,"Jan 1, 2011",,2019,6'2,192lbs,40,21,72,65,35,64,50,31,65,65,61,77,52,80,64,54,81,53,83,39,66,90,28,62,60,88,94,90,82,4,2,4,2,4,€6.9M
20775,Quaresma,34,Portugal,84,84,Beşiktaş JK,€15.5M,€80K,Right,3,4,5,High/ Low,Normal,RM,7,"Jul 22, 2015",,2020,5'9,148lbs,92,67,41,79,80,89,94,73,75,88,84,82,91,78,84,79,63,65,55,80,74,24,78,84,74,80,29,17,13,12,14,10,5,15,€29.5M
9014,A. Robben,34,Netherlands,84,84,FC Bayern München,€15.5M,€110K,Left,4,2,4,High/ Low,Normal,RM,10,"Aug 28, 2009",,2019,5'11,176lbs,80,85,51,82,86,89,90,81,71,88,83,76,87,85,90,86,60,64,67,86,47,37,84,80,78,85,30,26,26,10,8,11,5,15,€25.6M
231443,O. Dembélé,21,France,83,92,FC Barcelona,€40M,€155K,Left,3,5,4,High/ Low,Lean,RW,11,"Aug 28, 2017",,2022,5'10,148lbs,78,78,43,78,76,90,78,64,70,83,93,92,90,82,85,83,59,73,46,70,54,36,79,84,75,75,42,30,33,6,6,14,10,13,€90M
230666,Gabriel Jesus,21,Brazil,83,92,Manchester City,€41M,€130K,Right,2,3,4,High/ High,Normal,ST,33,"Aug 3, 2016",,2023,5'9,161lbs,66,84,74,76,72,86,76,54,66,85,87,85,92,86,91,78,77,84,68,73,73,32,88,77,78,82,53,23,19,13,8,6,6,15,€84.1M
230481,Ronaldo Cabrais,26,Brazil,83,83,Grêmio,€28M,€51K,Right,1,4,4,High/ Medium,Normal,RW,7,"Jan 1, 2018",,2021,5'10,165lbs,83,74,64,83,76,85,86,78,82,83,88,87,85,84,76,82,64,86,70,78,62,40,82,83,77,81,24,35,33,12,12,13,15,13,€50.4M
230375,Josué Chiamulera,26,Brazil,83,83,Grêmio,€22.5M,€43K,Right,1,3,2,Medium/ Medium,Normal,LCB,4,"Jan 1, 2018",,2021,6'1,176lbs,40,38,83,74,44,56,45,49,61,70,83,78,77,85,68,53,69,76,73,41,88,84,38,42,56,71,85,87,82,16,15,13,15,10,€40.5M
230294,Louri Beretta,26,Brazil,83,83,Atlético Mineiro,€28.5M,€60K,Right,1,3,4,High/ Low,Normal,ST,9,"Jan 1, 2018",,2021,6'2,183lbs,56,85,83,73,82,75,59,67,47,74,79,83,55,84,55,85,84,56,87,82,65,32,83,58,77,79,26,27,24,8,11,20,19,20,€54.2M
225850,P. Kimpembe,22,France,83,89,Paris Saint-Germain,€30.5M,€82K,Left,2,3,3,High/ High,Normal,LCB,3,"Jul 1, 2015",,2023,6'2,176lbs,62,31,79,79,33,58,50,32,75,78,75,78,74,79,65,55,77,80,84,39,85,83,39,60,50,80,80,83,83,7,8,14,15,9,€62.5M
220971,N. Keïta,23,Guinea,83,88,Liverpool,€34M,€120K,Right,2,4,4,High/ Medium,Lean,CM,8,"Jul 1, 2018",,2023,5'8,141lbs,62,74,42,88,71,88,64,70,78,88,78,60,89,82,90,76,53,82,58,73,78,75,74,81,58,79,68,62,61,7,14,15,14,9,€67.2M
219683,C. Tolisso,23,France,83,88,FC Bayern München,€34M,€85K,Right,2,3,3,High/ Medium,Normal,CM,24,"Jul 1, 2017",,2022,5'11,179lbs,67,75,82,84,62,77,66,73,86,81,75,66,75,83,74,82,90,87,77,81,81,76,79,80,70,74,75,78,71,7,10,14,9,14,€58.7M
213565,T. Lemar,22,France,83,89,Atlético Madrid,€35.5M,€64K,Left,3,2,4,High/ Medium,Lean,LM,8,"Jul 1, 2018",,2023,5'7,137lbs,83,75,54,84,78,85,85,81,75,86,86,84,87,80,86,79,71,79,63,76,63,66,77,85,68,80,55,59,63,11,15,13,7,14,€79.9M
213345,K. Coman,22,France,83,87,FC Bayern München,€34M,€85K,Right,2,3,5,Medium/ Low,Lean,LM,29,"Aug 30, 2015",,2023,5'10,157lbs,81,76,52,77,77,88,84,70,63,83,95,93,87,81,84,77,75,76,61,73,36,23,79,75,70,75,29,17,15,5,3,5,3,5,€58.7M
213331,J. Tah,22,Germany,83,88,Bayer 04 Leverkusen,€29.5M,€67K,Right,2,4,2,Medium/ Medium,Stocky,CB,20,"Jul 16, 2015",,2023,6'5,214lbs,35,20,80,74,24,55,30,27,69,64,64,77,48,82,44,44,72,63,93,25,76,80,27,61,38,75,80,88,84,11,8,7,9,14,€52.4M
212523,Anderson Talisca,24,Brazil,83,90,Guangzhou Evergrande Taobao FC,€36.5M,€18K,Left,2,4,4,High/ Medium,Normal,CAM,24,,SL Benfica,"Dec 31, 2018",6'3,176lbs,78,80,77,81,76,82,86,87,79,84,77,76,76,79,65,84,58,76,72,88,67,58,86,81,71,74,55,62,42,13,11,13,12,10,
212188,T. Werner,22,Germany,83,87,RB Leipzig,€34.5M,€70K,Right,3,4,3,High/ Medium,Normal,RW,9,"Jul 1, 2016",,2020,5'11,165lbs,69,87,76,77,82,83,62,56,55,84,93,93,81,86,76,74,78,83,59,67,63,37,85,61,72,74,39,20,19,9,9,8,15,9,€61.2M
210008,A. Rabiot,23,France,83,87,Paris Saint-Germain,€33M,€91K,Left,2,3,3,High/ Medium,Lean,CM,25,"Jul 1, 2012",,2019,6'4,176lbs,70,69,77,85,72,79,73,59,83,83,73,74,79,83,72,80,73,82,80,79,76,80,76,80,69,82,70,81,75,9,12,9,7,15,€63.5M
209658,L. Goretzka,23,Germany,83,88,FC Bayern München,€34M,€85K,Right,3,4,3,High/ High,Lean,CM,14,"Jul 1, 2018",,2022,6'2,174lbs,75,72,75,84,68,81,76,75,79,83,84,79,76,83,70,77,67,86,70,78,80,83,77,82,60,80,70,79,78,13,8,15,11,9,€58.7M
208808,Q. Promes,26,Netherlands,83,84,Sevilla FC,€30.5M,€28K,Right,2,4,5,High/ Low,Lean,RM,9,"Aug 31, 2018",,2023,5'9,159lbs,79,86,60,78,69,84,75,76,73,82,90,91,87,82,79,82,82,83,61,83,60,33,79,81,74,78,36,30,32,10,13,6,7,13,€66.3M
208670,H. Ziyech,25,Morocco,83,86,Ajax,€32.5M,€28K,Left,3,2,4,High/ High,Lean,RAM,22,"Aug 30, 2016",,2021,5'11,143lbs,84,68,53,86,77,83,90,78,89,83,76,74,85,82,78,80,38,86,59,75,71,62,75,88,73,83,52,66,36,11,7,11,8,14,€47.9M
208618,Lucas Vázquez,27,Spain,83,83,Real Madrid,€27M,€205K,Right,2,4,4,High/ High,Normal,RW,17,"Jul 2, 2015",,2021,5'8,154lbs,86,73,52,83,54,82,82,75,75,83,84,79,79,85,84,82,68,90,57,80,65,44,81,83,56,75,42,50,44,9,16,9,9,7,€55.4M
208418,Y. Carrasco,24,Belgium,83,86,Dalian YiFang FC,€33M,€20K,Right,3,4,4,High/ Medium,Lean,LM,10,"Feb 26, 2018",,2021,5'11,161lbs,78,79,53,77,68,88,81,78,71,87,89,87,88,83,71,84,68,74,59,75,61,18,81,71,74,75,58,39,26,9,11,9,10,10,€73.4M
208093,Gerard Moreno,26,Spain,83,85,Villarreal CF,€32M,€53K,Left,1,4,4,High/ Medium,Lean,LS,7,"Jul 2, 2018",,2023,5'11,170lbs,61,83,80,78,79,78,71,56,56,81,77,80,70,82,69,81,72,72,74,77,55,40,83,58,73,72,43,41,41,15,12,7,12,10,€69.6M
207863,Felipe,29,Brazil,83,83,FC Porto,€20M,€22K,Right,3,3,2,Medium/ High,Normal,RCB,28,"Jul 1, 2016",,2021,6'3,190lbs,45,39,81,74,44,57,32,30,67,62,60,67,52,77,57,46,90,78,86,41,92,81,34,50,47,75,85,85,79,9,11,14,9,7,€40M
207410,M. Kovačić,24,Croatia,83,89,Chelsea,€35M,€165K,Right,3,4,4,High/ High,Normal,LCM,17,,Real Madrid,"Jun 30, 2019",5'9,172lbs,73,62,42,87,76,88,78,68,82,89,84,74,81,70,85,79,63,82,65,75,77,78,69,88,59,72,69,75,63,9,5,6,7,7,
206585,Kepa,23,Spain,83,91,Chelsea,€28.5M,€84K,Right,1,4,1,Medium/ Medium,Lean,GK,13,"Aug 8, 2018",,2025,6'1,187lbs,25,11,17,32,18,10,25,19,36,16,34,33,41,79,39,25,71,37,51,14,18,21,15,55,24,63,19,18,16,84,80,76,80,84,€58.4M
206545,Manu Trigueros,26,Spain,83,84,Villarreal CF,€30M,€49K,Right,2,4,4,Medium/ Medium,Lean,RCM,14,"Jul 1, 2011",,2022,5'10,165lbs,72,71,74,86,63,80,80,69,83,83,68,65,76,82,72,81,77,77,63,80,71,69,77,84,65,73,70,73,60,9,14,12,7,8,€65.3M
206113,S. Gnabry,22,Germany,83,88,FC Bayern München,€34.5M,€85K,Right,2,4,4,High/ Medium,Normal,ST,6,"Jul 1, 2017",,2020,5'9,165lbs,74,81,46,79,83,87,64,62,68,83,92,90,87,80,88,85,64,68,68,81,63,38,80,74,68,74,45,48,45,14,10,10,9,7,€59.5M
204935,J. Pickford,24,England,83,88,Everton,€25M,€78K,Left,1,4,1,Medium/ Medium,Normal,GK,1,"Jun 15, 2017",,2024,6'1,170lbs,17,19,15,55,20,14,18,16,55,40,53,44,55,83,55,31,72,45,70,13,30,24,18,68,41,69,16,20,12,83,78,88,81,86,€49.4M
204639,S. Savić,27,Montenegro,83,86,Atlético Madrid,€26M,€67K,Right,2,3,2,Medium/ High,Lean,CB,15,"Jul 20, 2015",,2020,6'2,174lbs,35,34,85,72,27,47,34,28,69,68,55,61,61,82,49,43,87,58,77,31,83,84,29,41,37,75,86,83,84,14,13,14,13,12,€55.3M
203574,J. Stones,24,England,83,87,Manchester City,€28.5M,€125K,Right,2,4,3,High/ Medium,Lean,RCB,5,"Aug 9, 2016",,2022,6'2,154lbs,62,29,83,81,27,69,47,29,74,80,67,71,61,82,59,46,75,79,77,38,79,81,48,67,44,80,85,85,82,7,15,11,10,8,€54.9M
202651,Suso,24,Spain,83,86,Milan,€33M,€115K,Left,3,3,4,High/ Medium,Lean,RW,11,"Jan 17, 2015",,2022,5'9,154lbs,84,70,50,86,72,88,87,80,75,89,83,77,86,78,84,78,50,77,56,87,23,20,76,84,72,76,50,23,18,15,15,9,8,9,€58.6M
202166,J. Draxler,24,Germany,83,86,Paris Saint-Germain,€32.5M,€91K,Right,3,5,4,Medium/ Medium,Lean,CM,7,"Jan 3, 2017",,2021,6'2,170lbs,83,78,65,84,84,88,78,76,79,89,78,77,80,83,75,86,75,69,66,82,48,66,79,84,63,83,39,64,44,11,13,5,13,8,€62.6M
201995,Felipe Anderson,25,Brazil,83,85,West Ham United,€31.5M,€110K,Right,3,4,4,High/ Medium,Normal,LM,8,"Jul 15, 2018",,2022,5'9,154lbs,79,71,44,80,68,90,71,69,74,88,93,89,89,74,88,83,38,72,53,84,67,69,73,79,53,82,47,60,54,12,10,9,5,7,€62.2M
200949,Lucas Moura,25,Brazil,83,84,Tottenham Hotspur,€31M,€115K,Right,3,3,4,High/ Medium,Normal,RM,27,"Jan 31, 2018",,2023,5'9,154lbs,75,78,50,77,70,88,69,74,74,81,94,90,94,76,90,79,77,75,59,76,72,50,80,74,74,80,31,43,51,9,10,14,7,14,€59.7M
200888,Danilo Pereira,26,Portugal,83,86,FC Porto,€27M,€21K,Right,3,3,3,Medium/ High,Normal,CDM,22,"Jul 2, 2015",,2022,6'2,183lbs,50,61,78,82,55,76,48,53,79,78,63,68,58,76,60,76,67,83,89,65,85,84,69,73,52,84,83,84,75,9,7,13,14,15,€56M
200724,Nacho Fernández,28,Spain,83,85,Real Madrid,€24.5M,€180K,Right,2,4,2,Medium/ High,Normal,CB,12,"Aug 1, 2010",,2021,5'11,168lbs,70,32,82,80,38,55,55,37,61,78,70,79,60,79,68,54,81,78,79,28,78,81,37,53,45,73,75,86,85,12,7,10,15,7,€52.1M
200316,T. Horn,25,Germany,83,87,1. FC Köln,€24M,€25K,Left,2,3,1,Medium/ Medium,Normal,GK,1,"Jul 1, 2011",,2023,6'4,198lbs,19,13,14,35,14,20,12,15,32,22,45,51,50,80,31,22,64,31,67,17,41,22,15,55,21,20,14,13,12,83,80,83,82,86,€37.8M
199914,Allan,27,Brazil,83,83,Napoli,€26.5M,€87K,Right,2,3,4,Medium/ High,Normal,RCM,5,"Jul 22, 2015",,2023,5'9,163lbs,70,72,59,85,56,82,65,49,77,80,81,74,82,86,80,70,70,95,77,66,87,86,79,79,53,79,85,85,83,13,13,5,5,8,€45.1M
199845,F. Acerbi,30,Italy,83,83,Lazio,€19M,€64K,Left,2,3,3,Medium/ Medium,Normal,CB,13,"Jul 11, 2018",,2023,6'4,194lbs,25,37,80,73,39,65,62,56,77,72,65,55,33,81,35,75,68,81,83,60,73,85,20,65,72,85,87,87,85,11,9,9,13,11,€32.3M
199564,Sergi Roberto,26,Spain,83,86,FC Barcelona,€26.5M,€170K,Right,3,3,4,High/ High,Normal,RB,20,"Jul 1, 2013",,2022,5'10,150lbs,85,63,72,86,50,78,74,60,78,83,78,79,69,80,74,65,47,85,69,66,68,81,69,83,57,76,75,83,83,14,16,11,15,10,€56.3M
198329,Rodrigo,27,Spain,83,84,Valencia CF,€30.5M,€57K,Left,2,3,4,High/ Medium,Lean,ST,9,"Dec 3, 2014",,2022,6'0,170lbs,72,78,80,78,77,82,83,67,58,82,88,91,84,80,77,83,78,78,72,76,60,31,83,74,77,77,44,41,40,7,13,10,11,5,€66.3M
197965,Pizzi,28,Portugal,83,83,SL Benfica,€25.5M,€22K,Right,3,4,3,High/ Medium,Lean,LCM,21,"Jul 30, 2013",,2022,5'10,159lbs,79,76,45,83,77,80,83,76,84,82,82,73,77,81,77,75,67,86,59,78,68,70,84,85,76,85,66,66,52,15,14,9,9,15,€51M
195365,K. Kampl,27,Slovenia,83,83,RB Leipzig,€26.5M,€74K,Right,2,4,3,High/ High,Lean,LCM,44,"Aug 31, 2017",,2021,5'10,148lbs,72,63,34,84,68,86,78,75,79,84,84,71,91,84,80,69,67,88,47,73,64,75,73,82,64,83,65,64,59,13,11,7,6,16,€45.1M
194404,Neto,28,Brazil,83,84,Valencia CF,€21M,€41K,Right,2,2,1,Medium/ Medium,Lean,GK,13,"Jul 7, 2017",,2021,6'3,185lbs,11,15,14,36,12,19,12,13,41,24,53,49,59,79,49,28,80,39,63,20,40,15,11,42,22,64,17,14,15,85,79,79,78,82,€45.7M
193698,O. Baumann,28,Germany,83,84,TSG 1899 Hoffenheim,€21M,€42K,Right,2,1,1,Medium/ Medium,Normal,GK,1,"Jul 1, 2014",,2021,6'2,181lbs,14,11,16,30,11,19,12,11,25,17,47,51,45,81,43,21,73,39,69,13,32,21,10,41,22,52,15,18,14,82,82,70,82,85,€37.3M
193474,I. Gueye,28,Senegal,83,83,Everton,€21M,€125K,Right,2,3,3,Medium/ High,Lean,RDM,17,"Aug 3, 2016",,2022,5'9,146lbs,60,50,69,80,32,75,33,61,72,79,76,72,80,81,80,80,87,89,70,66,84,87,67,67,54,80,84,89,84,8,6,8,12,13,€39.9M
192883,H. Mkhitaryan,29,Armenia,83,83,Arsenal,€25.5M,€145K,Right,3,5,4,Medium/ Medium,Normal,RM,7,"Jan 22, 2018",,2021,5'10,165lbs,77,74,53,80,81,84,83,64,71,86,84,78,87,79,85,85,69,83,62,73,69,64,82,84,72,76,41,53,55,5,11,14,5,7,€48.5M
192638,Marcos Alonso,27,Spain,83,84,Chelsea,€24M,€130K,Left,2,3,3,High/ Low,Lean,LB,3,"Aug 31, 2016",,2023,6'2,192lbs,85,68,83,84,70,79,85,86,73,83,69,76,64,84,58,84,71,90,76,77,75,79,79,69,64,76,79,82,79,9,7,13,9,12,€46.2M
192593,D. Subašić,33,Croatia,83,83,AS Monaco,€13M,€70K,Right,3,2,1,Medium/ Medium,Normal,GK,1,"Jan 24, 2012",,2020,6'3,185lbs,11,10,13,24,13,11,24,57,26,19,51,54,42,78,37,24,75,32,80,14,31,20,15,52,23,65,14,14,13,82,80,79,82,84,€24.7M
190547,K. Glik,30,Poland,83,83,AS Monaco,€19M,€86K,Right,3,2,2,Low/ Medium,Normal,RCB,15,"Jul 6, 2016",,2021,6'3,176lbs,29,27,85,63,17,51,35,26,59,59,50,52,34,78,51,57,81,67,90,20,86,83,24,23,39,79,82,85,82,10,14,5,8,10,€36.1M
189712,K. Strootman,28,Netherlands,83,83,Olympique de Marseille,€21M,€66K,Left,3,3,3,Medium/ High,Normal,CDM,16,"Aug 28, 2018",,2023,6'1,176lbs,74,68,68,87,63,75,75,70,84,84,65,66,65,83,68,81,53,79,81,70,86,83,78,79,77,85,75,84,75,7,12,11,6,7,€39.9M
189068,B. Dost,29,Netherlands,83,83,Sporting CP,€26M,€26K,Right,3,3,2,Medium/ Medium,Lean,ST,28,"Aug 28, 2016",,2021,6'5,196lbs,38,87,94,73,85,68,61,30,37,74,49,54,32,85,32,82,51,82,92,72,70,39,89,68,88,81,38,45,26,6,12,15,11,8,€52M
188152,Oscar,26,Brazil,83,84,Shanghai SIPG FC,€30.5M,€29K,Right,3,3,4,Medium/ Medium,Lean,LCM,8,"Jan 1, 2017",,2020,5'10,146lbs,74,76,54,86,63,78,77,75,82,84,75,72,86,81,80,80,64,76,38,77,43,45,79,83,68,75,66,52,47,12,10,15,12,12,€69.4M
186627,M. Balotelli,27,Italy,83,83,OGC Nice,€27.5M,€55K,Right,4,4,4,Medium/ Low,Normal,LS,9,"Aug 31, 2016",,2019,6'2,194lbs,68,85,67,78,78,81,78,78,66,85,76,82,71,68,50,89,74,66,86,79,70,30,79,74,92,81,10,22,20,2,2,2,4,2,€52.3M
185221,Luiz Gustavo,30,Brazil,83,83,Olympique de Marseille,€19M,€63K,Left,3,3,3,Medium/ High,Lean,LCB,19,"Jul 4, 2017",,2021,6'2,172lbs,63,48,72,79,54,68,42,60,77,73,65,64,65,83,62,80,76,85,81,73,88,83,53,69,58,79,82,84,86,10,6,11,12,13,€36.1M
184942,Giuliano,28,Brazil,83,83,Al Nassr,€26M,€64K,Right,2,3,4,High/ Medium,Stocky,CAM,77,"Aug 20, 2018",,2021,5'8,150lbs,77,79,59,82,65,84,67,71,79,84,85,79,85,81,85,78,61,82,74,76,71,42,81,80,79,82,49,43,38,16,11,13,9,8,€44.2M
179944,David Luiz,31,Brazil,83,83,Chelsea,€17.5M,€130K,Right,4,3,3,Medium/ Medium,Normal,LCB,30,"Aug 31, 2016",,2019,6'2,190lbs,68,55,81,77,63,66,70,76,77,79,59,62,69,75,56,79,78,66,79,73,85,85,54,69,75,77,79,83,82,11,12,10,7,14,€32.4M
179783,R. Fährmann,29,Germany,83,84,FC Schalke 04,€20M,€38K,Right,2,1,1,Medium/ Medium,Normal,GK,1,"Jul 1, 2011",,2022,6'6,216lbs,14,11,15,25,11,15,18,11,26,24,38,47,39,83,36,24,72,32,79,9,36,23,11,42,21,61,10,12,10,83,81,52,82,87,€35.5M
178088,Juan Mata,30,Spain,83,83,Manchester United,€24.5M,€160K,Left,3,3,4,Medium/ Medium,Lean,RM,8,"Jan 25, 2014",,2019,5'7,139lbs,83,78,56,85,71,82,84,86,79,88,69,62,84,85,89,75,70,71,37,72,50,39,83,85,81,87,42,31,21,9,10,14,5,8,€45.3M
178086,Adán,31,Spain,83,83,Atlético Madrid,€15.5M,€55K,Left,2,2,1,Medium/ Medium,Normal,GK,1,"Jul 10, 2018",,2020,6'3,203lbs,12,11,23,34,15,12,11,12,43,15,56,54,55,77,51,25,71,32,77,12,41,20,11,42,25,63,20,14,18,81,84,78,84,83,€31.8M
178005,Rui Patrício,30,Portugal,83,83,Wolverhampton Wanderers,€16.5M,€74K,Left,3,2,1,Medium/ Medium,Normal,GK,1,"Jun 18, 2018",,2022,6'3,185lbs,12,12,11,31,17,20,10,16,30,23,53,57,61,80,54,38,79,45,77,11,39,22,13,64,32,66,14,13,11,85,81,80,79,82,€31.4M
177683,Y. Sommer,29,Switzerland,83,84,Borussia Mönchengladbach,€20M,€35K,Right,3,4,1,Medium/ Medium,Normal,GK,1,"Jul 1, 2014",,2021,6'0,174lbs,13,13,10,40,8,15,12,13,31,25,48,54,55,80,58,23,73,45,68,12,38,21,15,58,24,57,9,19,12,78,84,80,80,85,€35.5M
177610,Javi Martínez,29,Spain,83,83,FC Bayern München,€20M,€94K,Right,3,3,2,Medium/ Medium,Normal,CDM,8,"Aug 29, 2012",,2021,6'4,190lbs,60,43,87,77,58,60,46,45,74,74,49,53,53,83,48,76,85,74,84,62,90,87,51,75,52,80,85,86,86,5,12,9,11,8,€33M
177457,L. Bender,29,Germany,83,83,Bayer 04 Leverkusen,€20M,€82K,Right,3,3,2,High/ High,Lean,RB,8,"Aug 18, 2009",,2021,6'1,179lbs,69,59,78,79,57,72,49,47,74,75,66,67,65,83,63,74,77,86,76,71,79,86,69,76,52,83,88,86,82,12,6,7,12,7,€34M
176266,Lucas Leiva,31,Brazil,83,83,Lazio,€17.5M,€64K,Right,3,3,3,Medium/ High,Normal,LDM,6,"Jul 18, 2017",,2020,5'10,172lbs,63,62,72,82,59,77,74,47,81,78,67,67,78,82,80,77,82,80,67,66,80,87,66,81,61,86,82,82,78,10,8,8,5,6,€29.8M
163705,S. Mandanda,33,France,83,83,Olympique de Marseille,€13M,€51K,Right,3,3,1,Medium/ Medium,Normal,GK,16,"Jul 11, 2017",,2020,6'1,181lbs,14,13,13,37,13,15,13,12,28,17,53,43,52,80,36,24,74,31,61,11,37,23,11,55,11,64,13,15,13,86,81,70,79,84,€24.7M
162895,Cesc Fàbregas,31,Spain,83,83,Chelsea,€22M,€140K,Right,4,3,3,High/ Medium,Normal,CM,4,"Jul 1, 2014",,2019,5'10,170lbs,85,72,74,90,81,79,78,81,89,85,56,54,62,81,75,77,63,56,61,70,45,50,72,91,78,92,64,59,58,6,10,8,15,15,€40.7M
162240,M. Dembélé,30,Belgium,83,83,Tottenham Hotspur,€24M,€120K,Left,3,2,4,Medium/ Medium,Normal,CM,19,"Aug 1, 2012",,2019,6'1,181lbs,65,66,70,86,73,89,65,55,80,89,72,72,79,83,76,81,75,70,89,70,79,82,70,80,63,90,75,82,70,16,14,11,16,14,€44.4M
156616,F. Ribéry,35,France,83,83,FC Bayern München,€11.5M,€72K,Right,4,4,5,Medium/ Medium,Normal,LM,7,"Jul 1, 2007",,2019,5'7,159lbs,80,74,41,83,79,84,83,81,74,87,78,78,84,83,90,75,34,58,60,71,51,33,77,84,78,85,31,25,26,15,6,9,7,10,€19M
104389,R. Jarstein,33,Norway,83,83,Hertha BSC,€13M,€33K,Right,2,4,1,Medium/ Medium,Normal,GK,1,"Jan 1, 2014",,2021,6'3,181lbs,18,13,16,34,16,11,10,14,34,23,40,46,35,76,45,21,59,31,70,18,34,19,15,37,13,55,12,11,13,79,82,76,86,84,€22.1M
53302,D. De Rossi,34,Italy,83,83,Roma,€8M,€80K,Right,3,4,2,Medium/ High,Normal,RDM,16,"Jul 1, 2002",,2019,6'0,183lbs,57,50,81,81,74,64,62,71,80,77,63,67,64,80,72,81,77,74,81,72,84,87,55,71,75,87,90,82,80,10,7,13,10,9,€13.6M
24630,Pepe Reina,35,Spain,83,83,Milan,€6M,€56K,Right,3,3,1,Medium/ Medium,Normal,GK,25,"Jul 2, 2018",,2021,6'2,203lbs,11,14,13,19,11,10,11,11,22,23,50,63,50,82,60,24,73,34,72,15,32,22,13,65,24,64,20,22,24,80,83,82,82,82,€10.2M
236583,J. Pavlenka,26,Czech Republic,82,85,SV Werder Bremen,€19.5M,€30K,Right,1,3,1,Medium/ Medium,Lean,GK,1,"Jul 1, 2017",,2021,6'5,179lbs,11,16,14,28,19,12,10,14,17,19,35,37,39,78,27,21,36,20,68,17,22,13,14,25,18,39,12,10,14,85,78,68,78,85,€34.6M
235243,M. de Ligt,18,Netherlands,82,91,Ajax,€27M,€11K,Right,2,4,2,Medium/ Medium,Normal,RCB,3,"Oct 24, 2016",,2021,6'2,196lbs,57,53,81,75,40,65,48,55,72,73,62,72,56,77,59,79,80,74,87,64,79,79,44,63,40,77,84,84,79,12,11,11,12,10,€43.2M
231866,Rodri,22,Spain,82,87,Atlético Madrid,€29M,€59K,Right,1,3,4,Medium/ High,Lean,CM,16,"Jul 1, 2018",,2023,6'3,181lbs,63,64,75,83,59,77,65,54,80,82,70,66,69,79,72,70,69,86,75,76,63,80,75,83,46,78,71,80,74,10,10,7,14,8,€61.6M
230658,Arthur,21,Brazil,82,90,FC Barcelona,€32.5M,€125K,Right,1,3,4,Medium/ Medium,Normal,LCM,8,"Jul 9, 2018",,2024,5'7,161lbs,70,72,58,85,63,82,68,60,80,83,68,70,79,81,86,76,83,78,62,74,73,75,77,82,69,84,65,76,70,6,13,13,11,12,€73.1M
230621,G. Donnarumma,19,Italy,82,93,Milan,€29M,€23K,Right,3,3,1,Medium/ Medium,Normal,GK,22,"Jul 1, 2015",,2021,6'5,198lbs,12,12,12,34,8,28,12,14,24,28,46,54,64,74,38,24,72,34,72,18,30,26,14,50,24,68,20,14,16,88,78,72,78,88,€55.1M
230258,Rosberto Dourado,30,Brazil,82,82,Atlético Mineiro,€16.5M,€46K,Right,1,4,2,High/ Medium,Lean,RCM,13,"Jan 1, 2018",,2018,5'9,154lbs,61,53,70,82,57,77,54,57,78,76,80,81,72,80,80,60,43,93,68,59,75,82,58,77,77,81,83,86,80,15,14,14,10,9,€31.4M
230225,Juiano Mestres,34,Brazil,82,82,Cruzeiro,€6.5M,€39K,Right,1,3,2,High/ Medium,Normal,RCB,3,"Jan 1, 2018",,2021,5'11,181lbs,40,56,83,67,63,60,72,58,58,64,68,74,61,78,63,74,91,76,79,61,86,82,58,50,62,70,77,85,84,18,12,14,11,18,€12.4M
230168,Raphaelito Anjos,30,Brazil,82,82,Grêmio,€14M,€32K,Right,1,2,1,Medium/ Medium,Normal,GK,1,"Jan 1, 2018",,2021,6'3,187lbs,10,8,11,18,8,9,9,18,16,21,41,42,34,82,41,21,67,29,79,7,34,23,27,71,14,67,20,17,13,79,84,77,83,78,€25.2M
227055,Gelson Martins,23,Portugal,82,87,Atlético Madrid,€29.5M,€59K,Right,3,3,5,High/ Medium,Lean,RM,18,"Jul 25, 2018",,2023,5'8,159lbs,81,66,51,78,74,85,82,60,55,83,95,94,94,83,92,72,65,87,48,69,60,43,82,79,66,85,54,46,36,12,9,7,6,9,€62.7M
224411,Gonçalo Guedes,21,Portugal,82,86,Valencia CF,€29M,€36K,Right,1,3,4,High/ Low,Normal,LM,17,"Aug 29, 2018",,2024,5'10,150lbs,76,75,60,77,71,86,76,70,68,81,89,90,85,80,78,81,65,81,62,77,67,50,77,77,69,80,24,34,30,9,12,11,9,9,€63.1M
223959,L. Torreira,22,Uruguay,82,87,Arsenal,€25M,€98K,Right,2,3,3,Medium/ High,Normal,LCM,14,"Jul 12, 2018",,2023,5'6,141lbs,74,50,55,83,65,78,66,76,77,81,81,74,83,79,93,78,52,85,66,74,85,87,65,74,48,78,84,84,75,5,5,13,7,9,€49.4M
222737,Malcom,21,Brazil,82,89,FC Barcelona,€31.5M,€140K,Left,2,4,4,Medium/ Medium,Normal,RW,14,"Jul 24, 2018",,2023,5'8,163lbs,79,75,57,82,71,85,77,81,73,85,87,82,92,80,84,85,58,74,64,85,53,26,79,83,68,78,21,28,17,8,14,15,7,9,€70.9M
221087,Pau López,23,Spain,82,87,Real Betis,€21.5M,€21K,Left,1,3,1,Medium/ Medium,Lean,GK,23,"Jul 4, 2018",,2023,6'2,170lbs,24,19,15,38,17,18,23,21,41,16,45,52,40,74,57,21,68,42,52,18,39,16,20,62,25,62,19,20,11,81,82,79,83,81,€46.8M
220814,L. Hernández,22,France,82,88,Atlético Madrid,€25.5M,€53K,Left,1,3,3,Medium/ High,Normal,LB,21,"Jul 1, 2015",,2024,6'0,168lbs,78,42,83,80,38,65,53,28,63,79,80,84,70,80,67,62,83,82,76,47,86,81,57,61,34,76,76,83,86,10,7,8,14,10,€57.4M
220440,C. Lenglet,23,France,82,88,FC Barcelona,€26M,€135K,Left,1,4,2,Medium/ High,Lean,LCB,15,"Jul 12, 2018",,2023,6'1,179lbs,36,23,78,78,24,60,25,27,69,76,72,73,62,79,60,58,79,73,80,35,80,82,47,60,43,74,85,82,81,10,10,9,12,7,€58.5M
216354,A. Kramarić,27,Croatia,82,83,TSG 1899 Hoffenheim,€26M,€54K,Right,2,4,4,Medium/ Medium,Normal,LCM,27,"Jan 16, 2015",,2022,5'10,161lbs,75,86,69,79,84,87,79,74,53,86,78,72,82,81,82,82,69,76,68,80,73,21,84,66,88,79,35,20,26,8,14,14,7,15,€46.2M
216267,A. Robertson,24,Scotland,82,87,Liverpool,€24.5M,€98K,Left,1,2,3,High/ High,Lean,LB,3,"Jul 21, 2017",,2021,5'10,141lbs,86,57,63,76,32,76,74,30,68,78,81,86,78,81,74,67,59,89,66,60,78,80,66,74,55,73,80,81,78,11,8,10,7,14,€48.4M
216194,Dani García,28,Spain,82,83,Athletic Club de Bilbao,€20M,€33K,Right,2,3,3,Medium/ High,Stocky,RCM,16,"Jul 2, 2018",,2022,5'11,176lbs,55,51,46,86,52,66,61,57,81,81,53,35,67,72,72,74,65,88,75,58,88,82,60,76,58,71,72,81,77,6,14,14,6,11,€43.5M
212404,F. Bernardeschi,24,Italy,82,87,Juventus,€29.5M,€110K,Left,2,3,5,High/ High,Lean,RM,20,"Jul 24, 2017",,2022,6'1,170lbs,82,70,50,82,74,86,82,80,72,87,83,83,85,80,79,82,49,80,63,82,52,66,78,80,72,83,65,46,42,14,15,10,13,12,€50.9M
212194,J. Brandt,22,Germany,82,88,Bayer 04 Leverkusen,€30.5M,€68K,Right,2,4,4,Medium/ Medium,Lean,LM,10,"Jan 1, 2014",,2021,6'1,185lbs,77,78,42,82,66,87,72,59,69,85,78,84,82,80,78,80,63,73,69,78,42,29,78,83,54,69,38,20,24,11,16,11,8,9,€58M
211320,D. Rugani,23,Italy,82,86,Juventus,€24.5M,€95K,Right,2,3,2,Low/ Medium,Lean,CB,15,"Feb 4, 2015",,2021,6'3,185lbs,40,33,80,65,35,64,45,25,59,65,56,67,59,78,53,58,81,67,79,39,72,86,28,50,36,70,87,86,82,5,10,5,5,5,€42.3M
210617,Samu Castillejo,23,Spain,82,86,Milan,€29M,€94K,Left,2,2,4,Medium/ High,Lean,RM,7,"Aug 17, 2018",,2023,6'0,148lbs,81,77,43,80,58,85,78,75,77,83,85,86,83,82,78,78,63,55,50,73,48,50,81,81,59,71,45,43,25,13,16,15,8,14,€51.5M
210514,João Cancelo,24,Portugal,82,88,Juventus,€25.5M,€95K,Right,2,3,4,High/ Medium,Lean,RB,2,"Jul 1, 2018",,2023,6'0,163lbs,85,58,64,78,62,84,83,69,75,83,91,91,78,82,74,80,73,89,66,66,73,77,78,74,46,77,79,79,79,6,9,15,14,14,€47.2M
210413,A. Romagnoli,23,Italy,82,89,Milan,€26.5M,€84K,Left,2,3,2,Medium/ High,Normal,LCB,13,"Aug 11, 2015",,2022,6'2,172lbs,36,30,76,70,28,65,36,24,69,69,63,69,60,78,53,64,78,75,81,46,84,85,31,40,34,76,88,85,81,9,14,12,8,9,€50.4M
209989,T. Partey,25,Ghana,82,88,Atlético Madrid,€25.5M,€59K,Right,1,3,3,High/ High,Lean,CDM,5,"Jul 1, 2015",,2023,6'1,170lbs,58,63,68,85,53,78,62,58,79,81,73,76,72,77,53,79,84,87,81,75,76,79,60,73,46,75,80,83,80,11,13,9,9,7,€57.4M
209297,Fred,25,Brazil,82,84,Manchester United,€26.5M,€140K,Left,1,4,4,High/ High,Lean,CM,17,"Jun 21, 2018",,2023,5'7,141lbs,67,74,55,85,70,79,70,72,80,86,77,79,84,82,87,76,83,87,61,76,73,80,69,76,65,82,76,78,69,7,16,15,11,15,€51M
208830,J. Vardy,31,England,82,82,Leicester City,€20M,€96K,Right,3,3,3,High/ High,Lean,ST,9,"May 1, 2012",,2022,5'10,163lbs,64,85,69,65,82,76,60,57,48,76,89,91,75,88,76,85,76,86,67,67,92,49,85,72,81,82,56,52,51,15,14,7,15,11,€38M
208596,A. Belotti,24,Italy,82,87,Torino,€30M,€58K,Right,3,5,3,High/ High,Normal,LS,9,"Aug 17, 2015",,2021,5'11,159lbs,42,88,84,68,80,78,64,56,42,75,78,79,79,76,75,81,83,83,84,67,83,31,85,61,77,75,55,23,32,13,7,12,14,7,€53.3M
208448,E. Forsberg,26,Sweden,82,83,RB Leipzig,€26M,€67K,Right,2,4,4,Medium/ Medium,Normal,LM,10,"Jan 7, 2015",,2022,5'10,163lbs,84,70,45,85,67,82,81,77,69,87,76,70,81,82,82,73,53,74,62,74,62,43,75,83,66,77,35,26,17,13,7,9,15,11,€46.2M
207494,J. Lingard,25,England,82,83,Manchester United,€26.5M,€140K,Right,2,3,4,High/ High,Lean,CAM,7,"Jul 1, 2010",,2021,5'9,137lbs,74,78,64,78,70,83,80,63,66,83,84,82,86,83,86,80,63,87,53,80,73,53,86,82,65,84,65,50,44,14,10,8,13,9,€51M
207471,F. Vázquez,29,Argentina,82,82,Sevilla FC,€21.5M,€27K,Left,2,3,4,Medium/ High,Normal,LCM,22,"Jul 16, 2016",,2021,6'1,181lbs,73,74,68,84,81,86,79,68,78,87,58,62,69,78,39,76,44,61,79,84,78,54,77,84,67,80,46,40,37,14,15,13,9,7,€45.2M
205678,E. Višća,28,Bosnia Herzegovina,82,82,Medipol Başakşehir FK,€22.5M,€40K,Right,2,4,4,High/ Medium,Lean,RM,7,"Aug 16, 2011",,2021,5'8,139lbs,80,80,45,78,74,82,74,60,69,82,90,89,93,80,88,79,69,84,58,77,47,49,80,73,75,78,55,40,40,8,14,14,12,16,€42.8M
205452,A. Rüdiger,25,Germany,82,84,Chelsea,€22.5M,€110K,Right,2,3,2,Medium/ High,Lean,CB,16,"Jul 9, 2017",,2022,6'3,187lbs,68,27,80,75,34,59,35,56,72,69,67,78,59,82,50,70,73,60,82,41,88,80,33,57,40,72,82,85,82,14,15,10,12,8,€43.3M
203551,A. Florenzi,27,Italy,82,83,Roma,€20.5M,€73K,Right,3,3,4,High/ Medium,Lean,RB,16,"Jul 1, 2010",,2023,5'8,148lbs,77,70,72,77,87,78,73,79,75,79,86,84,87,80,82,82,74,90,67,82,79,78,82,76,76,79,76,79,78,9,8,10,11,10,€36.4M
203263,H. Maguire,25,England,82,85,Leicester City,€23.5M,€77K,Right,1,3,2,High/ High,Stocky,LCB,6,"Jun 15, 2017",,2023,6'4,220lbs,44,43,87,77,41,70,38,46,72,76,39,53,52,79,58,68,74,68,89,45,84,78,60,60,44,79,81,84,81,14,16,9,14,9,€46.4M
202371,T. Meunier,26,Belgium,82,83,Paris Saint-Germain,€21M,€87K,Right,2,4,3,High/ High,Normal,RM,15,"Jul 3, 2016",,2020,6'3,198lbs,83,76,75,82,79,75,74,56,74,82,74,81,63,80,49,77,72,92,85,78,73,76,80,71,65,78,77,82,80,8,13,15,6,9,€40.4M
201956,S. Sané,27,Senegal,82,82,FC Schalke 04,€18.5M,€41K,Right,2,3,3,Medium/ High,Lean,CB,26,"Jul 1, 2018",,2022,6'5,187lbs,57,38,88,73,26,64,33,58,71,70,62,62,60,79,37,77,47,69,88,55,84,83,48,62,43,78,78,90,78,14,7,10,13,16,€31.5M
201455,G. Kondogbia,25,Central African Rep.,82,85,Valencia CF,€27.5M,€46K,Left,2,2,4,High/ Medium,Lean,CM,6,"Jul 2, 2018",,2022,6'2,176lbs,65,69,75,81,59,78,62,56,79,82,69,76,76,84,67,86,83,85,91,80,86,84,78,78,45,82,79,83,82,15,10,10,8,10,€59.8M
201400,Rafinha,25,Brazil,82,87,FC Barcelona,€29.5M,€165K,Left,2,4,4,High/ High,Normal,CAM,12,"Jul 1, 2013",,2020,5'9,157lbs,72,73,55,86,76,87,75,61,76,84,71,70,80,79,80,79,73,67,66,82,44,70,77,81,67,80,68,74,66,11,6,15,13,7,€62.7M
201305,Gabriel Paulista,27,Brazil,82,83,Valencia CF,€21M,€44K,Right,2,2,2,Low/ High,Lean,LCB,5,"Aug 18, 2017",,2022,6'2,174lbs,67,42,81,74,48,60,57,46,69,69,71,74,69,80,67,61,83,72,82,50,82,82,51,65,51,71,82,83,83,15,6,15,15,7,€45.7M
201153,Morata,25,Spain,82,85,Chelsea,€28.5M,€135K,Right,3,4,3,High/ High,Normal,ST,7,"Jul 21, 2017",,2022,6'2,187lbs,73,80,86,78,80,83,76,44,51,82,76,86,66,79,60,80,84,68,78,72,56,24,85,76,70,76,37,14,20,4,5,4,4,5,€54.9M
199987,J. Cillessen,29,Netherlands,82,84,FC Barcelona,€18M,€135K,Right,3,3,1,Medium/ Medium,Normal,GK,1,"Aug 25, 2016",,2021,6'1,183lbs,17,10,12,47,19,12,10,10,33,32,54,50,48,78,50,35,71,40,67,15,25,25,11,60,21,61,18,12,11,80,83,75,81,80,€38.3M
199451,W. Ben Yedder,27,France,82,82,Sevilla FC,€23.5M,€28K,Right,2,5,4,High/ High,Normal,RS,9,"Jul 30, 2016",,2021,5'7,150lbs,74,84,74,78,78,84,80,76,66,83,87,83,91,83,87,79,81,69,60,69,55,44,87,79,76,84,34,33,26,6,13,9,7,7,€49.4M
198951,C. Bakambu,27,DR Congo,82,83,Beijing Sinobo Guoan FC,€26M,€33K,Right,2,4,3,Medium/ Medium,Normal,ST,17,"Jan 17, 2018",,2021,6'0,161lbs,74,84,71,75,80,80,78,54,66,82,88,88,80,81,72,84,79,79,76,74,72,39,85,73,69,80,32,29,21,6,13,6,14,6,€59.2M
198950,Pablo Sarabia,26,Spain,82,83,Sevilla FC,€26M,€26K,Left,2,4,4,High/ Medium,Normal,RCM,17,"Jul 1, 2016",,2020,5'9,154lbs,86,78,61,83,64,86,84,74,77,84,75,76,80,77,81,76,40,72,58,77,46,50,79,84,69,74,57,49,46,16,7,15,6,14,€56.6M
198717,W. Zaha,25,Ivory Coast,82,85,Crystal Palace,€28.5M,€78K,Right,2,3,5,High/ Low,Lean,LS,11,"Feb 2, 2015",,2023,5'11,146lbs,81,77,47,75,61,90,57,51,65,87,89,92,88,77,82,78,57,76,75,68,73,23,78,77,66,81,22,29,28,15,10,15,11,10,€56.3M
198706,Luis Alberto,25,Spain,82,85,Lazio,€28.5M,€67K,Right,2,3,4,High/ Medium,Lean,CF,10,"Aug 31, 2016",,2022,6'0,163lbs,76,80,49,88,76,86,86,81,87,88,77,72,79,83,74,77,54,73,67,77,29,28,81,87,56,72,44,25,18,6,8,6,12,11,€50.6M
198164,Jonathan Viera,28,Spain,82,82,Beijing Sinobo Guoan FC,€22.5M,€31K,Right,2,4,4,High/ Low,Normal,LF,23,"Feb 19, 2018",,2020,5'7,141lbs,75,78,41,84,65,84,80,76,78,82,86,76,89,81,92,70,88,79,67,79,56,73,72,84,74,80,56,68,55,16,16,9,14,9,€49.5M
198141,Bartra,27,Spain,82,83,Real Betis,€21M,€32K,Right,3,3,3,High/ Medium,Lean,CB,5,"Jan 30, 2018",,2023,6'0,161lbs,55,55,82,79,43,70,66,45,78,80,75,72,72,82,71,66,89,67,71,62,80,86,61,75,52,76,77,83,80,10,15,13,12,8,€45.7M
197655,S. Coates,27,Uruguay,82,83,Sporting CP,€21M,€19K,Right,3,3,2,Medium/ Medium,Normal,RCB,4,"Jan 31, 2017",,2022,6'5,203lbs,17,42,80,72,39,64,39,19,70,62,46,64,32,75,30,50,54,81,94,30,83,80,49,50,65,74,84,85,85,16,13,15,16,13,€43.6M
195093,Willian José,26,Brazil,82,83,Real Sociedad,€26.5M,€44K,Right,2,4,4,Medium/ Low,Normal,ST,12,"Jul 31, 2016",,2024,6'2,205lbs,54,84,84,78,80,79,68,71,50,80,62,65,65,81,43,84,72,73,90,77,65,35,87,68,80,75,40,32,30,15,14,16,15,8,€57.6M
193525,Mário Fernandes,27,Russia,82,82,PFC CSKA Moscow,€18.5M,€1K,Right,2,3,3,High/ High,Lean,RB,6,"Jul 1, 2012",,2022,6'2,176lbs,76,56,76,78,52,77,66,39,74,79,79,85,79,80,61,71,84,87,75,58,77,78,76,73,53,76,83,82,84,12,13,14,13,12,€40.7M
193469,Víctor Ruiz,29,Spain,82,83,Villarreal CF,€19.5M,€43K,Left,2,2,2,Medium/ Medium,Normal,LCB,6,"Jul 1, 2015",,2019,6'1,172lbs,54,37,77,74,39,53,67,46,70,71,55,59,56,78,58,59,78,72,87,38,82,83,39,56,46,72,81,84,85,12,8,6,6,14,€42.4M
193283,T. Delaney,26,Denmark,82,83,Borussia Dortmund,€21.5M,€61K,Left,2,4,3,High/ High,Normal,LCM,8,"Jul 1, 2018",,2022,6'0,174lbs,67,72,83,79,66,73,71,68,77,77,76,78,73,81,74,78,91,90,79,74,84,85,75,77,60,81,80,82,81,8,12,11,14,15,€38.2M
192984,K. Casteels,26,Belgium,82,85,VfL Wolfsburg,€19.5M,€46K,Left,2,2,1,Medium/ Medium,Normal,GK,13,"Jan 21, 2015",,2021,6'6,190lbs,15,15,14,35,13,14,20,13,37,23,44,46,50,81,43,21,58,44,72,18,33,16,15,42,20,40,11,19,17,83,77,77,81,83,€34.6M
192318,M. Götze,26,Germany,82,85,Borussia Dortmund,€27M,€67K,Right,4,4,4,Medium/ Medium,Normal,CM,10,"Aug 1, 2016",,2020,5'9,165lbs,78,75,51,87,86,84,81,72,82,90,74,64,86,84,85,68,58,73,68,66,58,65,81,86,77,85,63,53,57,14,7,12,6,10,€47.9M
192227,S. Mustafi,26,Germany,82,84,Arsenal,€22.5M,€115K,Right,3,3,2,Medium/ High,Normal,RCB,20,"Aug 30, 2016",,2021,6'0,181lbs,53,58,81,77,51,53,55,47,69,70,58,65,63,82,67,66,83,68,78,52,82,82,50,55,54,73,80,82,82,11,9,15,10,6,€44.4M
191180,J. Pastore,29,Argentina,82,82,Roma,€21.5M,€84K,Right,3,4,4,High/ Medium,Lean,CAM,27,"Jul 1, 2018",,2022,6'2,172lbs,77,73,61,86,78,87,83,69,83,86,69,69,79,78,63,78,49,62,64,76,65,69,78,87,75,80,45,59,51,14,9,6,10,12,€36.6M
189505,Pedro,30,Spain,82,82,Chelsea,€21M,€140K,Right,3,5,4,High/ High,Lean,RW,11,"Aug 20, 2015",,2020,5'7,143lbs,78,78,55,80,70,84,81,57,71,85,79,74,82,81,80,77,66,70,47,79,56,49,82,77,66,77,49,32,31,5,11,12,15,9,€38.9M
189125,G. Bonaventura,28,Italy,82,82,Milan,€22M,€115K,Right,3,3,4,High/ Medium,Lean,CM,5,"Sep 1, 2014",,2020,5'11,165lbs,82,70,70,84,78,83,78,78,80,85,75,77,77,82,77,84,69,84,66,86,68,72,78,82,68,82,74,72,68,10,14,7,15,14,€37.4M
189117,R. Bürki,27,Switzerland,82,85,Borussia Dortmund,€18.5M,€50K,Right,3,2,1,Medium/ Medium,Normal,GK,21,"Jul 1, 2015",,2021,6'2,187lbs,15,8,17,37,13,12,13,12,24,23,44,54,49,79,52,22,74,36,74,14,35,18,10,50,20,58,11,13,16,86,78,73,77,86,€32.8M
188803,Taison,30,Brazil,82,82,Shakhtar Donetsk,€21M,€1K,Right,2,3,4,Medium/ Medium,Lean,LM,7,"Jan 11, 2013",,2021,5'8,141lbs,73,76,56,77,82,87,52,73,75,85,93,91,90,79,83,83,62,79,62,83,56,49,74,79,72,74,38,53,40,7,7,11,15,13,€44.1M
187936,S. Nzonzi,29,France,82,82,Roma,€17M,€77K,Right,2,3,2,Medium/ Medium,Lean,CDM,15,"Aug 14, 2018",,2022,6'5,165lbs,59,64,79,79,55,72,73,42,77,81,44,55,36,81,31,79,75,86,92,66,87,84,70,77,57,85,81,80,76,7,16,16,16,13,€28.9M
187754,Marlos,30,Ukraine,82,82,Shakhtar Donetsk,€21M,€1K,Left,2,4,5,Medium/ Medium,Normal,RM,11,"Jul 4, 2014",,2019,5'9,152lbs,76,79,53,81,68,87,82,72,73,88,85,82,92,77,84,77,68,78,62,78,58,51,77,82,80,84,45,49,42,6,13,13,8,9,€44.1M
186561,A. Ramsey,27,Wales,82,83,Arsenal,€25M,€130K,Right,3,3,3,High/ High,Lean,CAM,10,"Jun 13, 2008",,2019,6'0,168lbs,75,74,58,84,79,81,70,66,80,82,64,69,73,81,74,81,66,89,67,74,73,69,84,79,75,81,66,70,67,6,11,5,10,8,€49.4M
186345,K. Trippier,27,England,82,82,Tottenham Hotspur,€18.5M,€99K,Right,2,4,3,High/ High,Normal,RB,12,"Jun 19, 2015",,2022,5'10,159lbs,91,48,73,79,54,75,87,83,78,80,76,75,74,81,74,75,73,88,65,70,70,79,75,80,66,73,77,82,79,11,14,8,11,10,€34.2M
185103,A. Kolarov,32,Serbia,82,82,Roma,€12.5M,€73K,Left,2,3,3,High/ Medium,Normal,LB,11,"Jul 22, 2017",,2020,6'2,183lbs,91,55,80,77,64,79,85,86,77,76,73,70,63,84,58,91,80,84,77,83,85,81,75,77,74,88,81,82,81,16,15,8,16,6,€21.3M
184484,G. Sigurðsson,28,Iceland,82,82,Everton,€22.5M,€125K,Right,3,5,3,High/ High,Normal,CAM,10,"Aug 16, 2017",,2022,6'1,181lbs,86,77,60,84,75,80,87,86,80,85,58,55,68,78,63,83,68,86,68,86,57,55,79,86,79,84,57,57,55,13,8,10,15,12,€42.8M
184431,S. Giovinco,31,Italy,82,82,Toronto FC,€20M,€15K,Right,2,4,4,High/ Medium,Normal,CF,21,"Feb 3, 2015",,2019,5'4,134lbs,72,80,34,80,75,86,90,93,76,86,88,80,94,80,91,80,34,77,42,81,75,26,82,81,73,82,23,29,28,6,3,6,3,3,€30M
184200,M. Arnautović,29,Austria,82,82,West Ham United,€22M,€120K,Right,3,4,4,High/ Medium,Normal,LS,7,"Jul 23, 2017",,2022,6'4,183lbs,80,78,74,78,79,84,79,72,74,85,79,83,70,78,66,84,67,78,84,75,84,44,83,77,77,81,43,48,39,14,15,10,10,15,€41.8M
184144,N. Gaitán,30,Argentina,82,82,Dalian YiFang FC,€21M,€22K,Left,3,2,4,Medium/ Medium,Lean,CAM,9,"Feb 27, 2018",,2021,5'8,146lbs,80,71,54,81,81,84,88,72,75,83,84,79,87,82,81,72,81,69,46,73,57,40,77,82,71,80,35,42,43,8,11,9,7,5,€45.2M
183711,J. Henderson,28,England,82,82,Liverpool,€18M,€125K,Right,2,3,3,Medium/ High,Normal,RCM,8,"Jun 9, 2011",,2020,6'0,176lbs,81,67,65,84,72,73,80,74,84,80,67,66,70,80,70,77,79,91,72,71,77,80,75,83,64,78,77,79,76,7,13,7,9,13,€34.2M
183574,M. Kruse,30,Germany,82,82,SV Werder Bremen,€21.5M,€45K,Left,2,4,4,High/ Medium,Normal,ST,10,"Aug 2, 2016",,2019,5'11,168lbs,81,83,63,84,80,82,80,69,80,85,69,67,74,85,76,81,65,71,72,79,63,41,85,83,90,86,57,38,34,12,7,5,13,9,€36.6M
183498,M. Parolo,33,Italy,82,82,Lazio,€9M,€59K,Right,2,4,3,High/ High,Lean,RDM,16,"Jul 1, 2014",,2020,6'0,165lbs,70,70,75,80,76,75,67,55,83,79,68,69,67,82,71,87,77,88,77,86,80,80,82,78,45,78,78,80,82,13,9,6,7,9,€15.3M
183376,L. Fejsa,29,Serbia,82,82,SL Benfica,€17M,€18K,Right,2,3,2,Low/ High,Normal,CDM,5,"Aug 24, 2013",,2021,6'0,176lbs,50,49,73,78,53,68,43,57,74,72,52,55,57,78,58,73,73,90,78,62,91,85,50,63,56,75,82,84,77,14,12,13,11,14,€34M
183280,A. Rami,32,France,82,82,Olympique de Marseille,€12.5M,€57K,Right,3,3,2,High/ High,Normal,RCB,23,"Jul 13, 2017",,2021,6'3,198lbs,36,45,77,66,45,56,43,55,68,68,52,67,54,75,54,77,76,84,91,58,83,83,24,44,48,77,81,83,79,5,3,5,5,3,€23.8M
181786,V. Ćorluka,32,Croatia,82,82,Lokomotiv Moscow,€12.5M,€1K,Right,3,3,3,High/ Medium,Normal,LCB,14,"Jun 27, 2012",,2020,6'4,185lbs,68,44,83,70,38,65,69,60,72,73,49,65,57,77,46,64,81,80,86,50,81,77,45,60,49,78,79,83,82,15,9,12,14,6,€26.3M
181291,G. Wijnaldum,27,Netherlands,82,82,Liverpool,€23M,€130K,Right,3,3,4,High/ High,Lean,CAM,8,"Jul 22, 2016",,2021,5'9,152lbs,67,70,72,84,73,84,76,70,76,84,77,76,80,82,81,76,80,85,72,71,64,76,79,78,74,82,74,75,65,16,6,14,12,6,€43.7M
179847,F. Fazio,31,Argentina,82,82,Roma,€15M,€73K,Right,3,2,2,Medium/ Medium,Normal,LCB,20,"Jul 15, 2017",,2020,6'5,187lbs,44,41,89,64,35,48,46,37,62,72,36,43,29,84,32,63,41,74,91,26,84,85,32,47,26,86,85,85,78,8,9,12,11,14,€25.5M
